"variable","variable.label","model","model.label","treatment","full.treatment.name","Rhat"
"temperature","Temperature (C)","simple","Fixed effects only","A","Balled-and-burlapped",1.00067847169347
"temperature","Temperature (C)","simple","Fixed effects only","B","Bareroot",1.00017351513367
"temperature","Temperature (C)","simple","Fixed effects only","C","Seedling",1.00027900459788
"temperature","Temperature (C)","simple","Fixed effects only","D","Acorn",1.00042578038711
"temperature","Temperature (C)","simple","Fixed effects only","E","Seedbank",1.00051443101585
"temperature","Temperature (C)","simple","Fixed effects only","R","Reference",1.00073893496342
"temperature","Temperature (C)","plot.random","Plot random effects","A","Balled-and-burlapped",1.0007827941097
"temperature","Temperature (C)","plot.random","Plot random effects","B","Bareroot",1.0004940012545
"temperature","Temperature (C)","plot.random","Plot random effects","C","Seedling",1.00080564536379
"temperature","Temperature (C)","plot.random","Plot random effects","D","Acorn",1.00070597486938
"temperature","Temperature (C)","plot.random","Plot random effects","E","Seedbank",1.00088372234479
"temperature","Temperature (C)","plot.random","Plot random effects","R","Reference",1.00037656905189
"temperature","Temperature (C)","strip.plot.random","Strip and plot random effects","A","Balled-and-burlapped",1.0012251033895
"temperature","Temperature (C)","strip.plot.random","Strip and plot random effects","B","Bareroot",1.0008810966363
"temperature","Temperature (C)","strip.plot.random","Strip and plot random effects","C","Seedling",1.00037149513794
"temperature","Temperature (C)","strip.plot.random","Strip and plot random effects","D","Acorn",1.00138653708826
"temperature","Temperature (C)","strip.plot.random","Strip and plot random effects","E","Seedbank",1.00130244688712
"temperature","Temperature (C)","strip.plot.random","Strip and plot random effects","R","Reference",1.00052329860988
"gravimetric.moisture","Gravitational moisture (%)","simple","Fixed effects only","A","Balled-and-burlapped",1.00031376337013
"gravimetric.moisture","Gravitational moisture (%)","simple","Fixed effects only","B","Bareroot",1.0001545563377
"gravimetric.moisture","Gravitational moisture (%)","simple","Fixed effects only","C","Seedling",1.00017803807888
"gravimetric.moisture","Gravitational moisture (%)","simple","Fixed effects only","D","Acorn",1.00042636682965
"gravimetric.moisture","Gravitational moisture (%)","simple","Fixed effects only","E","Seedbank",1.00007889531816
"gravimetric.moisture","Gravitational moisture (%)","simple","Fixed effects only","R","Reference",1.00043621204109
"gravimetric.moisture","Gravitational moisture (%)","plot.random","Plot random effects","A","Balled-and-burlapped",1.00068474449023
"gravimetric.moisture","Gravitational moisture (%)","plot.random","Plot random effects","B","Bareroot",1.00033549533641
"gravimetric.moisture","Gravitational moisture (%)","plot.random","Plot random effects","C","Seedling",1.00129491823024
"gravimetric.moisture","Gravitational moisture (%)","plot.random","Plot random effects","D","Acorn",1.00052856935333
"gravimetric.moisture","Gravitational moisture (%)","plot.random","Plot random effects","E","Seedbank",1.00054501403637
"gravimetric.moisture","Gravitational moisture (%)","plot.random","Plot random effects","R","Reference",1.00061115002792
"gravimetric.moisture","Gravitational moisture (%)","strip.plot.random","Strip and plot random effects","A","Balled-and-burlapped",1.00042837483453
"gravimetric.moisture","Gravitational moisture (%)","strip.plot.random","Strip and plot random effects","B","Bareroot",1.00096334260903
"gravimetric.moisture","Gravitational moisture (%)","strip.plot.random","Strip and plot random effects","C","Seedling",1.00089011551423
"gravimetric.moisture","Gravitational moisture (%)","strip.plot.random","Strip and plot random effects","D","Acorn",1.00084186141534
"gravimetric.moisture","Gravitational moisture (%)","strip.plot.random","Strip and plot random effects","E","Seedbank",1.00149129829802
"gravimetric.moisture","Gravitational moisture (%)","strip.plot.random","Strip and plot random effects","R","Reference",1.00118103842227
"bulk.density","Bulk density (g/cm3)","simple","Fixed effects only","A","Balled-and-burlapped",1.00035094112388
"bulk.density","Bulk density (g/cm3)","simple","Fixed effects only","B","Bareroot",1.00025053611533
"bulk.density","Bulk density (g/cm3)","simple","Fixed effects only","C","Seedling",1.00042577092006
"bulk.density","Bulk density (g/cm3)","simple","Fixed effects only","D","Acorn",1.00022553439017
"bulk.density","Bulk density (g/cm3)","simple","Fixed effects only","E","Seedbank",0.999960812267585
"bulk.density","Bulk density (g/cm3)","simple","Fixed effects only","R","Reference",1.00035597997616
"bulk.density","Bulk density (g/cm3)","plot.random","Plot random effects","A","Balled-and-burlapped",1.00168567534078
"bulk.density","Bulk density (g/cm3)","plot.random","Plot random effects","B","Bareroot",1.00232812109927
"bulk.density","Bulk density (g/cm3)","plot.random","Plot random effects","C","Seedling",1.00111887593828
"bulk.density","Bulk density (g/cm3)","plot.random","Plot random effects","D","Acorn",1.00128367527593
"bulk.density","Bulk density (g/cm3)","plot.random","Plot random effects","E","Seedbank",1.001262512673
"bulk.density","Bulk density (g/cm3)","plot.random","Plot random effects","R","Reference",1.00123625991026
"bulk.density","Bulk density (g/cm3)","strip.plot.random","Strip and plot random effects","A","Balled-and-burlapped",1.00018663512498
"bulk.density","Bulk density (g/cm3)","strip.plot.random","Strip and plot random effects","B","Bareroot",1.00075225843964
"bulk.density","Bulk density (g/cm3)","strip.plot.random","Strip and plot random effects","C","Seedling",0.999979322715367
"bulk.density","Bulk density (g/cm3)","strip.plot.random","Strip and plot random effects","D","Acorn",1.00069441561856
"bulk.density","Bulk density (g/cm3)","strip.plot.random","Strip and plot random effects","E","Seedbank",1.00087694468907
"bulk.density","Bulk density (g/cm3)","strip.plot.random","Strip and plot random effects","R","Reference",1.00057938945813
"bulk.n.percent","TN (%)","simple","Fixed effects only","A","Balled-and-burlapped",1.00024354444944
"bulk.n.percent","TN (%)","simple","Fixed effects only","B","Bareroot",1.00016803427475
"bulk.n.percent","TN (%)","simple","Fixed effects only","C","Seedling",0.999964028925738
"bulk.n.percent","TN (%)","simple","Fixed effects only","D","Acorn",1.00010661049903
"bulk.n.percent","TN (%)","simple","Fixed effects only","E","Seedbank",1.00029135480437
"bulk.n.percent","TN (%)","simple","Fixed effects only","R","Reference",1.00002737970892
"bulk.n.percent","TN (%)","plot.random","Plot random effects","A","Balled-and-burlapped",1.00141215831126
"bulk.n.percent","TN (%)","plot.random","Plot random effects","B","Bareroot",1.00112502499858
"bulk.n.percent","TN (%)","plot.random","Plot random effects","C","Seedling",1.00152199878354
"bulk.n.percent","TN (%)","plot.random","Plot random effects","D","Acorn",1.00154335008762
"bulk.n.percent","TN (%)","plot.random","Plot random effects","E","Seedbank",1.00081388950016
"bulk.n.percent","TN (%)","plot.random","Plot random effects","R","Reference",1.00062547406922
"bulk.n.percent","TN (%)","strip.plot.random","Strip and plot random effects","A","Balled-and-burlapped",1.00019605134187
"bulk.n.percent","TN (%)","strip.plot.random","Strip and plot random effects","B","Bareroot",1.00017561994521
"bulk.n.percent","TN (%)","strip.plot.random","Strip and plot random effects","C","Seedling",1.00007344347163
"bulk.n.percent","TN (%)","strip.plot.random","Strip and plot random effects","D","Acorn",1.00022405920001
"bulk.n.percent","TN (%)","strip.plot.random","Strip and plot random effects","E","Seedbank",0.999938802837521
"bulk.n.percent","TN (%)","strip.plot.random","Strip and plot random effects","R","Reference",1.00031136377645
"bulk.c.percent","TC (%)","simple","Fixed effects only","A","Balled-and-burlapped",1.00067305867586
"bulk.c.percent","TC (%)","simple","Fixed effects only","B","Bareroot",1.00041990492175
"bulk.c.percent","TC (%)","simple","Fixed effects only","C","Seedling",1.0005489966043
"bulk.c.percent","TC (%)","simple","Fixed effects only","D","Acorn",1.00043844529683
"bulk.c.percent","TC (%)","simple","Fixed effects only","E","Seedbank",1.00031947869675
"bulk.c.percent","TC (%)","simple","Fixed effects only","R","Reference",1.00070646916222
"bulk.c.percent","TC (%)","plot.random","Plot random effects","A","Balled-and-burlapped",1.00253256414874
"bulk.c.percent","TC (%)","plot.random","Plot random effects","B","Bareroot",1.00195577625928
"bulk.c.percent","TC (%)","plot.random","Plot random effects","C","Seedling",1.00132901821936
"bulk.c.percent","TC (%)","plot.random","Plot random effects","D","Acorn",1.00287257801262
"bulk.c.percent","TC (%)","plot.random","Plot random effects","E","Seedbank",1.00212202265059
"bulk.c.percent","TC (%)","plot.random","Plot random effects","R","Reference",1.00153318377946
"bulk.c.percent","TC (%)","strip.plot.random","Strip and plot random effects","A","Balled-and-burlapped",1.00106094292747
"bulk.c.percent","TC (%)","strip.plot.random","Strip and plot random effects","B","Bareroot",1.00042554939245
"bulk.c.percent","TC (%)","strip.plot.random","Strip and plot random effects","C","Seedling",1.00024483854539
"bulk.c.percent","TC (%)","strip.plot.random","Strip and plot random effects","D","Acorn",1.0004302266397
"bulk.c.percent","TC (%)","strip.plot.random","Strip and plot random effects","E","Seedbank",1.00085500561976
"bulk.c.percent","TC (%)","strip.plot.random","Strip and plot random effects","R","Reference",1.00045844448664
"bulk.cn.ratio","C:N Ratio","simple","Fixed effects only","A","Balled-and-burlapped",1.00118665009952
"bulk.cn.ratio","C:N Ratio","simple","Fixed effects only","B","Bareroot",1.00067966146027
"bulk.cn.ratio","C:N Ratio","simple","Fixed effects only","C","Seedling",1.00097974673533
"bulk.cn.ratio","C:N Ratio","simple","Fixed effects only","D","Acorn",1.00080512144504
"bulk.cn.ratio","C:N Ratio","simple","Fixed effects only","E","Seedbank",1.00080131382088
"bulk.cn.ratio","C:N Ratio","simple","Fixed effects only","R","Reference",1.00092310702913
"bulk.cn.ratio","C:N Ratio","plot.random","Plot random effects","A","Balled-and-burlapped",1.00060498183901
"bulk.cn.ratio","C:N Ratio","plot.random","Plot random effects","B","Bareroot",1.00061636014746
"bulk.cn.ratio","C:N Ratio","plot.random","Plot random effects","C","Seedling",1.00041424960571
"bulk.cn.ratio","C:N Ratio","plot.random","Plot random effects","D","Acorn",1.00053161173921
"bulk.cn.ratio","C:N Ratio","plot.random","Plot random effects","E","Seedbank",1.00031229861395
"bulk.cn.ratio","C:N Ratio","plot.random","Plot random effects","R","Reference",1.00107784087679
"bulk.cn.ratio","C:N Ratio","strip.plot.random","Strip and plot random effects","A","Balled-and-burlapped",1.01458824857778
"bulk.cn.ratio","C:N Ratio","strip.plot.random","Strip and plot random effects","B","Bareroot",1.01869981910329
"bulk.cn.ratio","C:N Ratio","strip.plot.random","Strip and plot random effects","C","Seedling",1.01631968995053
"bulk.cn.ratio","C:N Ratio","strip.plot.random","Strip and plot random effects","D","Acorn",1.0071461726896
"bulk.cn.ratio","C:N Ratio","strip.plot.random","Strip and plot random effects","E","Seedbank",1.01222141435011
"bulk.cn.ratio","C:N Ratio","strip.plot.random","Strip and plot random effects","R","Reference",1.0237764005613
"toc.percent","TOC (%)","simple","Fixed effects only","A","Balled-and-burlapped",1.00028953849997
"toc.percent","TOC (%)","simple","Fixed effects only","B","Bareroot",1.0007863338768
"toc.percent","TOC (%)","simple","Fixed effects only","C","Seedling",1.0001804269348
"toc.percent","TOC (%)","simple","Fixed effects only","D","Acorn",1.00085808078038
"toc.percent","TOC (%)","simple","Fixed effects only","E","Seedbank",1.00048535069109
"toc.percent","TOC (%)","simple","Fixed effects only","R","Reference",1.00098580383051
"toc.percent","TOC (%)","plot.random","Plot random effects","A","Balled-and-burlapped",0.999973252228932
"toc.percent","TOC (%)","plot.random","Plot random effects","B","Bareroot",1.00018423653281
"toc.percent","TOC (%)","plot.random","Plot random effects","C","Seedling",1.00020402604202
"toc.percent","TOC (%)","plot.random","Plot random effects","D","Acorn",1.00023600790416
"toc.percent","TOC (%)","plot.random","Plot random effects","E","Seedbank",1.00034045427494
"toc.percent","TOC (%)","plot.random","Plot random effects","R","Reference",1.00051806235397
"toc.percent","TOC (%)","strip.plot.random","Strip and plot random effects","A","Balled-and-burlapped",1.00046206938064
"toc.percent","TOC (%)","strip.plot.random","Strip and plot random effects","B","Bareroot",1.00039005631943
"toc.percent","TOC (%)","strip.plot.random","Strip and plot random effects","C","Seedling",1.00060317599189
"toc.percent","TOC (%)","strip.plot.random","Strip and plot random effects","D","Acorn",1.0004513493948
"toc.percent","TOC (%)","strip.plot.random","Strip and plot random effects","E","Seedbank",1.00177389444352
"toc.percent","TOC (%)","strip.plot.random","Strip and plot random effects","R","Reference",1.00058628539583
"sand","Sand (%)","simple","Fixed effects only","A","Balled-and-burlapped",1.00110542763995
"sand","Sand (%)","simple","Fixed effects only","B","Bareroot",1.00046253332457
"sand","Sand (%)","simple","Fixed effects only","C","Seedling",1.00060749852713
"sand","Sand (%)","simple","Fixed effects only","D","Acorn",1.00026805586513
"sand","Sand (%)","simple","Fixed effects only","E","Seedbank",1.00047549311991
"sand","Sand (%)","simple","Fixed effects only","R","Reference",1.00030225189914
"sand","Sand (%)","plot.random","Plot random effects","A","Balled-and-burlapped",1.0008768406745
"sand","Sand (%)","plot.random","Plot random effects","B","Bareroot",1.00096731781077
"sand","Sand (%)","plot.random","Plot random effects","C","Seedling",1.00103834586405
"sand","Sand (%)","plot.random","Plot random effects","D","Acorn",1.00068075521145
"sand","Sand (%)","plot.random","Plot random effects","E","Seedbank",1.0006964022559
"sand","Sand (%)","plot.random","Plot random effects","R","Reference",1.00076922357547
"sand","Sand (%)","strip.plot.random","Strip and plot random effects","A","Balled-and-burlapped",1.00258581891123
"sand","Sand (%)","strip.plot.random","Strip and plot random effects","B","Bareroot",1.00112999395636
"sand","Sand (%)","strip.plot.random","Strip and plot random effects","C","Seedling",1.00112276537229
"sand","Sand (%)","strip.plot.random","Strip and plot random effects","D","Acorn",1.00119963130182
"sand","Sand (%)","strip.plot.random","Strip and plot random effects","E","Seedbank",1.00098412218609
"sand","Sand (%)","strip.plot.random","Strip and plot random effects","R","Reference",1.00131997982312
"silt","Silt (%)","simple","Fixed effects only","A","Balled-and-burlapped",1.00076966395579
"silt","Silt (%)","simple","Fixed effects only","B","Bareroot",1.00026604215537
"silt","Silt (%)","simple","Fixed effects only","C","Seedling",1.00101615125806
"silt","Silt (%)","simple","Fixed effects only","D","Acorn",1.00023601103182
"silt","Silt (%)","simple","Fixed effects only","E","Seedbank",1.00061967313376
"silt","Silt (%)","simple","Fixed effects only","R","Reference",1.00044858706275
"silt","Silt (%)","plot.random","Plot random effects","A","Balled-and-burlapped",1.00076810181802
"silt","Silt (%)","plot.random","Plot random effects","B","Bareroot",1.00017541363396
"silt","Silt (%)","plot.random","Plot random effects","C","Seedling",1.00056327936921
"silt","Silt (%)","plot.random","Plot random effects","D","Acorn",1.00110399228334
"silt","Silt (%)","plot.random","Plot random effects","E","Seedbank",1.00053475248792
"silt","Silt (%)","plot.random","Plot random effects","R","Reference",1.00085819202163
"silt","Silt (%)","strip.plot.random","Strip and plot random effects","A","Balled-and-burlapped",1.00102118327036
"silt","Silt (%)","strip.plot.random","Strip and plot random effects","B","Bareroot",1.00096121504464
"silt","Silt (%)","strip.plot.random","Strip and plot random effects","C","Seedling",1.00049439802866
"silt","Silt (%)","strip.plot.random","Strip and plot random effects","D","Acorn",1.00064731533204
"silt","Silt (%)","strip.plot.random","Strip and plot random effects","E","Seedbank",1.00090290800075
"silt","Silt (%)","strip.plot.random","Strip and plot random effects","R","Reference",1.00105111385704
"clay","Clay (%)","simple","Fixed effects only","A","Balled-and-burlapped",1.00032705663746
"clay","Clay (%)","simple","Fixed effects only","B","Bareroot",1.00008981243656
"clay","Clay (%)","simple","Fixed effects only","C","Seedling",1.00047903836359
"clay","Clay (%)","simple","Fixed effects only","D","Acorn",1.00007112352018
"clay","Clay (%)","simple","Fixed effects only","E","Seedbank",1.00009659498615
"clay","Clay (%)","simple","Fixed effects only","R","Reference",1.00012695434927
"clay","Clay (%)","plot.random","Plot random effects","A","Balled-and-burlapped",1.00201694888636
"clay","Clay (%)","plot.random","Plot random effects","B","Bareroot",1.00278454573385
"clay","Clay (%)","plot.random","Plot random effects","C","Seedling",1.00162329571122
"clay","Clay (%)","plot.random","Plot random effects","D","Acorn",1.00101148121497
"clay","Clay (%)","plot.random","Plot random effects","E","Seedbank",1.00180053431542
"clay","Clay (%)","plot.random","Plot random effects","R","Reference",1.00172635135587
"clay","Clay (%)","strip.plot.random","Strip and plot random effects","A","Balled-and-burlapped",1.0001371017575
"clay","Clay (%)","strip.plot.random","Strip and plot random effects","B","Bareroot",1.00081211744424
"clay","Clay (%)","strip.plot.random","Strip and plot random effects","C","Seedling",1.00056763074397
"clay","Clay (%)","strip.plot.random","Strip and plot random effects","D","Acorn",0.999992108731331
"clay","Clay (%)","strip.plot.random","Strip and plot random effects","E","Seedbank",1.00007540923135
"clay","Clay (%)","strip.plot.random","Strip and plot random effects","R","Reference",1.00076827189744
"ph","pH","simple","Fixed effects only","A","Balled-and-burlapped",1.00035075998731
"ph","pH","simple","Fixed effects only","B","Bareroot",1.00038825196959
"ph","pH","simple","Fixed effects only","C","Seedling",1.00028409872942
"ph","pH","simple","Fixed effects only","D","Acorn",1.00005422598805
"ph","pH","simple","Fixed effects only","E","Seedbank",1.00059325054541
"ph","pH","simple","Fixed effects only","R","Reference",0.999968851064579
"ph","pH","plot.random","Plot random effects","A","Balled-and-burlapped",1.00050770696826
"ph","pH","plot.random","Plot random effects","B","Bareroot",1.00053024477373
"ph","pH","plot.random","Plot random effects","C","Seedling",1.00039989868075
"ph","pH","plot.random","Plot random effects","D","Acorn",1.00035538856072
"ph","pH","plot.random","Plot random effects","E","Seedbank",1.00030711898049
"ph","pH","plot.random","Plot random effects","R","Reference",1.00027860443354
"ph","pH","strip.plot.random","Strip and plot random effects","A","Balled-and-burlapped",1.0015092017188
"ph","pH","strip.plot.random","Strip and plot random effects","B","Bareroot",1.00125230432072
"ph","pH","strip.plot.random","Strip and plot random effects","C","Seedling",1.00155633559835
"ph","pH","strip.plot.random","Strip and plot random effects","D","Acorn",1.00202754180988
"ph","pH","strip.plot.random","Strip and plot random effects","E","Seedbank",1.00095439128449
"ph","pH","strip.plot.random","Strip and plot random effects","R","Reference",1.00165559174202
"p","P (ppm)","simple","Fixed effects only","A","Balled-and-burlapped",1.0013576373372
"p","P (ppm)","simple","Fixed effects only","B","Bareroot",1.00057428804538
"p","P (ppm)","simple","Fixed effects only","C","Seedling",1.00046665562289
"p","P (ppm)","simple","Fixed effects only","D","Acorn",1.00066094231488
"p","P (ppm)","simple","Fixed effects only","E","Seedbank",1.00026773185966
"p","P (ppm)","simple","Fixed effects only","R","Reference",1.00016896910418
"p","P (ppm)","plot.random","Plot random effects","A","Balled-and-burlapped",1.00111058877992
"p","P (ppm)","plot.random","Plot random effects","B","Bareroot",1.00134581499939
"p","P (ppm)","plot.random","Plot random effects","C","Seedling",1.00077514987952
"p","P (ppm)","plot.random","Plot random effects","D","Acorn",1.00029307343039
"p","P (ppm)","plot.random","Plot random effects","E","Seedbank",1.00173078423426
"p","P (ppm)","plot.random","Plot random effects","R","Reference",1.00028474377503
"p","P (ppm)","strip.plot.random","Strip and plot random effects","A","Balled-and-burlapped",1.00442254552036
"p","P (ppm)","strip.plot.random","Strip and plot random effects","B","Bareroot",1.00382476287065
"p","P (ppm)","strip.plot.random","Strip and plot random effects","C","Seedling",1.00296375276403
"p","P (ppm)","strip.plot.random","Strip and plot random effects","D","Acorn",1.00541906291101
"p","P (ppm)","strip.plot.random","Strip and plot random effects","E","Seedbank",1.00355414389313
"p","P (ppm)","strip.plot.random","Strip and plot random effects","R","Reference",1.0005292837748
"k","K (ppm)","simple","Fixed effects only","A","Balled-and-burlapped",1.00082217645176
"k","K (ppm)","simple","Fixed effects only","B","Bareroot",1.00027132622416
"k","K (ppm)","simple","Fixed effects only","C","Seedling",1.00045334495302
"k","K (ppm)","simple","Fixed effects only","D","Acorn",1.00066892777153
"k","K (ppm)","simple","Fixed effects only","E","Seedbank",1.00068515710048
"k","K (ppm)","simple","Fixed effects only","R","Reference",1.00075132471295
"k","K (ppm)","plot.random","Plot random effects","A","Balled-and-burlapped",1.00052044117941
"k","K (ppm)","plot.random","Plot random effects","B","Bareroot",1.00073800781164
"k","K (ppm)","plot.random","Plot random effects","C","Seedling",1.0005806044296
"k","K (ppm)","plot.random","Plot random effects","D","Acorn",1.00074942878569
"k","K (ppm)","plot.random","Plot random effects","E","Seedbank",1.00035696983478
"k","K (ppm)","plot.random","Plot random effects","R","Reference",1.00030197509192
"k","K (ppm)","strip.plot.random","Strip and plot random effects","A","Balled-and-burlapped",1.00096950337421
"k","K (ppm)","strip.plot.random","Strip and plot random effects","B","Bareroot",1.00132407994125
"k","K (ppm)","strip.plot.random","Strip and plot random effects","C","Seedling",1.00110952369444
"k","K (ppm)","strip.plot.random","Strip and plot random effects","D","Acorn",1.00178877398269
"k","K (ppm)","strip.plot.random","Strip and plot random effects","E","Seedbank",1.00096450602727
"k","K (ppm)","strip.plot.random","Strip and plot random effects","R","Reference",1.0016029781617
"ca","Ca (ppm)","simple","Fixed effects only","A","Balled-and-burlapped",1.00073087938963
"ca","Ca (ppm)","simple","Fixed effects only","B","Bareroot",1.00062012613666
"ca","Ca (ppm)","simple","Fixed effects only","C","Seedling",1.00050976212188
"ca","Ca (ppm)","simple","Fixed effects only","D","Acorn",1.00024006019505
"ca","Ca (ppm)","simple","Fixed effects only","E","Seedbank",1.00059376098072
"ca","Ca (ppm)","simple","Fixed effects only","R","Reference",1.00087600178218
"ca","Ca (ppm)","plot.random","Plot random effects","A","Balled-and-burlapped",1.0003161550268
"ca","Ca (ppm)","plot.random","Plot random effects","B","Bareroot",0.999994032839841
"ca","Ca (ppm)","plot.random","Plot random effects","C","Seedling",1.00008891738923
"ca","Ca (ppm)","plot.random","Plot random effects","D","Acorn",1.0003866604734
"ca","Ca (ppm)","plot.random","Plot random effects","E","Seedbank",1.00020864653776
"ca","Ca (ppm)","plot.random","Plot random effects","R","Reference",1.00009966020813
"ca","Ca (ppm)","strip.plot.random","Strip and plot random effects","A","Balled-and-burlapped",1.00075360216266
"ca","Ca (ppm)","strip.plot.random","Strip and plot random effects","B","Bareroot",1.00123829885
"ca","Ca (ppm)","strip.plot.random","Strip and plot random effects","C","Seedling",1.00135528252913
"ca","Ca (ppm)","strip.plot.random","Strip and plot random effects","D","Acorn",1.00110268232786
"ca","Ca (ppm)","strip.plot.random","Strip and plot random effects","E","Seedbank",1.00214846287135
"ca","Ca (ppm)","strip.plot.random","Strip and plot random effects","R","Reference",1.00108283070892
"mg","Mg (ppm)","simple","Fixed effects only","A","Balled-and-burlapped",1.00102743267848
"mg","Mg (ppm)","simple","Fixed effects only","B","Bareroot",1.00081817435717
"mg","Mg (ppm)","simple","Fixed effects only","C","Seedling",1.00044980305378
"mg","Mg (ppm)","simple","Fixed effects only","D","Acorn",1.0008103395164
"mg","Mg (ppm)","simple","Fixed effects only","E","Seedbank",1.00089656449722
"mg","Mg (ppm)","simple","Fixed effects only","R","Reference",1.00106333021471
"mg","Mg (ppm)","plot.random","Plot random effects","A","Balled-and-burlapped",1.00086864397204
"mg","Mg (ppm)","plot.random","Plot random effects","B","Bareroot",1.00061965205631
"mg","Mg (ppm)","plot.random","Plot random effects","C","Seedling",1.00138714895094
"mg","Mg (ppm)","plot.random","Plot random effects","D","Acorn",1.00090063685183
"mg","Mg (ppm)","plot.random","Plot random effects","E","Seedbank",1.00043026627693
"mg","Mg (ppm)","plot.random","Plot random effects","R","Reference",1.00065794519273
"mg","Mg (ppm)","strip.plot.random","Strip and plot random effects","A","Balled-and-burlapped",1.00198265197872
"mg","Mg (ppm)","strip.plot.random","Strip and plot random effects","B","Bareroot",1.00073670501055
"mg","Mg (ppm)","strip.plot.random","Strip and plot random effects","C","Seedling",1.00234091738758
"mg","Mg (ppm)","strip.plot.random","Strip and plot random effects","D","Acorn",1.00113533480363
"mg","Mg (ppm)","strip.plot.random","Strip and plot random effects","E","Seedbank",1.00052544039288
"mg","Mg (ppm)","strip.plot.random","Strip and plot random effects","R","Reference",1.00113483962247
"som.percent","SOM (%)","simple","Fixed effects only","A","Balled-and-burlapped",1.00061100364555
"som.percent","SOM (%)","simple","Fixed effects only","B","Bareroot",1.00012381139556
"som.percent","SOM (%)","simple","Fixed effects only","C","Seedling",1.00038137289178
"som.percent","SOM (%)","simple","Fixed effects only","D","Acorn",1.0002575844266
"som.percent","SOM (%)","simple","Fixed effects only","E","Seedbank",1.0005023809517
"som.percent","SOM (%)","simple","Fixed effects only","R","Reference",1.00061017867306
"som.percent","SOM (%)","plot.random","Plot random effects","A","Balled-and-burlapped",1.00201901114753
"som.percent","SOM (%)","plot.random","Plot random effects","B","Bareroot",1.0022197130234
"som.percent","SOM (%)","plot.random","Plot random effects","C","Seedling",1.00188786915008
"som.percent","SOM (%)","plot.random","Plot random effects","D","Acorn",1.00166063121887
"som.percent","SOM (%)","plot.random","Plot random effects","E","Seedbank",1.00305076236368
"som.percent","SOM (%)","plot.random","Plot random effects","R","Reference",1.00166641159455
"som.percent","SOM (%)","strip.plot.random","Strip and plot random effects","A","Balled-and-burlapped",1.00254942740539
"som.percent","SOM (%)","strip.plot.random","Strip and plot random effects","B","Bareroot",1.00286128296566
"som.percent","SOM (%)","strip.plot.random","Strip and plot random effects","C","Seedling",1.00126264194804
"som.percent","SOM (%)","strip.plot.random","Strip and plot random effects","D","Acorn",1.00072490797454
"som.percent","SOM (%)","strip.plot.random","Strip and plot random effects","E","Seedbank",1.00194546534219
"som.percent","SOM (%)","strip.plot.random","Strip and plot random effects","R","Reference",1.00080048892043
"no3.n","NO3-N (ppm)","simple","Fixed effects only","A","Balled-and-burlapped",1.00222687417876
"no3.n","NO3-N (ppm)","simple","Fixed effects only","B","Bareroot",1.00068906130267
"no3.n","NO3-N (ppm)","simple","Fixed effects only","C","Seedling",1.00059835847505
"no3.n","NO3-N (ppm)","simple","Fixed effects only","D","Acorn",1.00173835751006
"no3.n","NO3-N (ppm)","simple","Fixed effects only","E","Seedbank",1.00065334639223
"no3.n","NO3-N (ppm)","simple","Fixed effects only","R","Reference",1.00090382984517
"no3.n","NO3-N (ppm)","plot.random","Plot random effects","A","Balled-and-burlapped",1.00078667880026
"no3.n","NO3-N (ppm)","plot.random","Plot random effects","B","Bareroot",1.00028608543592
"no3.n","NO3-N (ppm)","plot.random","Plot random effects","C","Seedling",1.00103944019355
"no3.n","NO3-N (ppm)","plot.random","Plot random effects","D","Acorn",1.00098938454729
"no3.n","NO3-N (ppm)","plot.random","Plot random effects","E","Seedbank",1.00030545918246
"no3.n","NO3-N (ppm)","plot.random","Plot random effects","R","Reference",1.00045687601351
"no3.n","NO3-N (ppm)","strip.plot.random","Strip and plot random effects","A","Balled-and-burlapped",1.00108326925495
"no3.n","NO3-N (ppm)","strip.plot.random","Strip and plot random effects","B","Bareroot",1.00082020711615
"no3.n","NO3-N (ppm)","strip.plot.random","Strip and plot random effects","C","Seedling",1.00129881430872
"no3.n","NO3-N (ppm)","strip.plot.random","Strip and plot random effects","D","Acorn",1.00073152127429
"no3.n","NO3-N (ppm)","strip.plot.random","Strip and plot random effects","E","Seedbank",1.00054837554452
"no3.n","NO3-N (ppm)","strip.plot.random","Strip and plot random effects","R","Reference",1.0012389015641
"nh4.n","NH4-N (ppm)","simple","Fixed effects only","A","Balled-and-burlapped",1.00154257280226
"nh4.n","NH4-N (ppm)","simple","Fixed effects only","B","Bareroot",1.00100460944608
"nh4.n","NH4-N (ppm)","simple","Fixed effects only","C","Seedling",1.00114306933981
"nh4.n","NH4-N (ppm)","simple","Fixed effects only","D","Acorn",1.00108373020609
"nh4.n","NH4-N (ppm)","simple","Fixed effects only","E","Seedbank",1.00064086609687
"nh4.n","NH4-N (ppm)","simple","Fixed effects only","R","Reference",1.00083709050534
"nh4.n","NH4-N (ppm)","plot.random","Plot random effects","A","Balled-and-burlapped",1.00193818081558
"nh4.n","NH4-N (ppm)","plot.random","Plot random effects","B","Bareroot",1.00146436436722
"nh4.n","NH4-N (ppm)","plot.random","Plot random effects","C","Seedling",1.00057298308317
"nh4.n","NH4-N (ppm)","plot.random","Plot random effects","D","Acorn",1.00109631617955
"nh4.n","NH4-N (ppm)","plot.random","Plot random effects","E","Seedbank",1.00116579859189
"nh4.n","NH4-N (ppm)","plot.random","Plot random effects","R","Reference",1.00060380042972
"nh4.n","NH4-N (ppm)","strip.plot.random","Strip and plot random effects","A","Balled-and-burlapped",1.00189870862288
"nh4.n","NH4-N (ppm)","strip.plot.random","Strip and plot random effects","B","Bareroot",1.00159446253152
"nh4.n","NH4-N (ppm)","strip.plot.random","Strip and plot random effects","C","Seedling",1.00106190294752
"nh4.n","NH4-N (ppm)","strip.plot.random","Strip and plot random effects","D","Acorn",1.00128656704107
"nh4.n","NH4-N (ppm)","strip.plot.random","Strip and plot random effects","E","Seedbank",1.00105634428267
"nh4.n","NH4-N (ppm)","strip.plot.random","Strip and plot random effects","R","Reference",1.00056708361277
"cec","CEC (meq/100 g)","simple","Fixed effects only","A","Balled-and-burlapped",1.0004399395099
"cec","CEC (meq/100 g)","simple","Fixed effects only","B","Bareroot",1.00028315114265
"cec","CEC (meq/100 g)","simple","Fixed effects only","C","Seedling",1.00024146117547
"cec","CEC (meq/100 g)","simple","Fixed effects only","D","Acorn",1.00043573368729
"cec","CEC (meq/100 g)","simple","Fixed effects only","E","Seedbank",1.00041461645327
"cec","CEC (meq/100 g)","simple","Fixed effects only","R","Reference",1.00084663146307
"cec","CEC (meq/100 g)","plot.random","Plot random effects","A","Balled-and-burlapped",1.00119484805713
"cec","CEC (meq/100 g)","plot.random","Plot random effects","B","Bareroot",1.00112572329645
"cec","CEC (meq/100 g)","plot.random","Plot random effects","C","Seedling",1.00091921288161
"cec","CEC (meq/100 g)","plot.random","Plot random effects","D","Acorn",1.0007516909133
"cec","CEC (meq/100 g)","plot.random","Plot random effects","E","Seedbank",1.00106918878684
"cec","CEC (meq/100 g)","plot.random","Plot random effects","R","Reference",1.00104684909266
"cec","CEC (meq/100 g)","strip.plot.random","Strip and plot random effects","A","Balled-and-burlapped",1.00068744016063
"cec","CEC (meq/100 g)","strip.plot.random","Strip and plot random effects","B","Bareroot",1.00079747208661
"cec","CEC (meq/100 g)","strip.plot.random","Strip and plot random effects","C","Seedling",1.00105693961031
"cec","CEC (meq/100 g)","strip.plot.random","Strip and plot random effects","D","Acorn",1.00133516174037
"cec","CEC (meq/100 g)","strip.plot.random","Strip and plot random effects","E","Seedbank",1.00042101726352
"cec","CEC (meq/100 g)","strip.plot.random","Strip and plot random effects","R","Reference",1.00123947192918
"k.meq","K (meq/100 g)","simple","Fixed effects only","A","Balled-and-burlapped",1.00186907018394
"k.meq","K (meq/100 g)","simple","Fixed effects only","B","Bareroot",1.00062406564398
"k.meq","K (meq/100 g)","simple","Fixed effects only","C","Seedling",1.00061385082224
"k.meq","K (meq/100 g)","simple","Fixed effects only","D","Acorn",1.00183311340944
"k.meq","K (meq/100 g)","simple","Fixed effects only","E","Seedbank",1.00089824012925
"k.meq","K (meq/100 g)","simple","Fixed effects only","R","Reference",1.00089862847138
"k.meq","K (meq/100 g)","plot.random","Plot random effects","A","Balled-and-burlapped",1.00092126675866
"k.meq","K (meq/100 g)","plot.random","Plot random effects","B","Bareroot",1.00077698035878
"k.meq","K (meq/100 g)","plot.random","Plot random effects","C","Seedling",1.00030425467808
"k.meq","K (meq/100 g)","plot.random","Plot random effects","D","Acorn",1.00065256845727
"k.meq","K (meq/100 g)","plot.random","Plot random effects","E","Seedbank",1.00077804194536
"k.meq","K (meq/100 g)","plot.random","Plot random effects","R","Reference",1.00081027304802
"k.meq","K (meq/100 g)","strip.plot.random","Strip and plot random effects","A","Balled-and-burlapped",1.00110789321341
"k.meq","K (meq/100 g)","strip.plot.random","Strip and plot random effects","B","Bareroot",1.00084026199821
"k.meq","K (meq/100 g)","strip.plot.random","Strip and plot random effects","C","Seedling",1.0007479373592
"k.meq","K (meq/100 g)","strip.plot.random","Strip and plot random effects","D","Acorn",1.00157831871843
"k.meq","K (meq/100 g)","strip.plot.random","Strip and plot random effects","E","Seedbank",1.00120155004736
"k.meq","K (meq/100 g)","strip.plot.random","Strip and plot random effects","R","Reference",1.00147698512609
"ca.meq","Ca (meq/100 g)","simple","Fixed effects only","A","Balled-and-burlapped",1.00035429610906
"ca.meq","Ca (meq/100 g)","simple","Fixed effects only","B","Bareroot",1.00020740541397
"ca.meq","Ca (meq/100 g)","simple","Fixed effects only","C","Seedling",1.00006779353985
"ca.meq","Ca (meq/100 g)","simple","Fixed effects only","D","Acorn",1.00071779938544
"ca.meq","Ca (meq/100 g)","simple","Fixed effects only","E","Seedbank",0.999937862793239
"ca.meq","Ca (meq/100 g)","simple","Fixed effects only","R","Reference",1.00011486605547
"ca.meq","Ca (meq/100 g)","plot.random","Plot random effects","A","Balled-and-burlapped",1.00038729341028
"ca.meq","Ca (meq/100 g)","plot.random","Plot random effects","B","Bareroot",1.00068763120078
"ca.meq","Ca (meq/100 g)","plot.random","Plot random effects","C","Seedling",1.00071328922724
"ca.meq","Ca (meq/100 g)","plot.random","Plot random effects","D","Acorn",1.00057283535772
"ca.meq","Ca (meq/100 g)","plot.random","Plot random effects","E","Seedbank",1.00019881376981
"ca.meq","Ca (meq/100 g)","plot.random","Plot random effects","R","Reference",1.00051193537344
"ca.meq","Ca (meq/100 g)","strip.plot.random","Strip and plot random effects","A","Balled-and-burlapped",1.00033266179111
"ca.meq","Ca (meq/100 g)","strip.plot.random","Strip and plot random effects","B","Bareroot",1.00035572768154
"ca.meq","Ca (meq/100 g)","strip.plot.random","Strip and plot random effects","C","Seedling",1.00056407419319
"ca.meq","Ca (meq/100 g)","strip.plot.random","Strip and plot random effects","D","Acorn",1.00058378049682
"ca.meq","Ca (meq/100 g)","strip.plot.random","Strip and plot random effects","E","Seedbank",1.00064533910071
"ca.meq","Ca (meq/100 g)","strip.plot.random","Strip and plot random effects","R","Reference",1.0005298566743
"mg.meq","Mg (meq/100 g)","simple","Fixed effects only","A","Balled-and-burlapped",1.00120912558321
"mg.meq","Mg (meq/100 g)","simple","Fixed effects only","B","Bareroot",1.00070085281955
"mg.meq","Mg (meq/100 g)","simple","Fixed effects only","C","Seedling",1.00087375988603
"mg.meq","Mg (meq/100 g)","simple","Fixed effects only","D","Acorn",1.0009314306385
"mg.meq","Mg (meq/100 g)","simple","Fixed effects only","E","Seedbank",1.00049675142518
"mg.meq","Mg (meq/100 g)","simple","Fixed effects only","R","Reference",1.0009125793868
"mg.meq","Mg (meq/100 g)","plot.random","Plot random effects","A","Balled-and-burlapped",1.00165332145579
"mg.meq","Mg (meq/100 g)","plot.random","Plot random effects","B","Bareroot",1.0015445856577
"mg.meq","Mg (meq/100 g)","plot.random","Plot random effects","C","Seedling",1.00068157961627
"mg.meq","Mg (meq/100 g)","plot.random","Plot random effects","D","Acorn",1.00138173257903
"mg.meq","Mg (meq/100 g)","plot.random","Plot random effects","E","Seedbank",1.00119343249214
"mg.meq","Mg (meq/100 g)","plot.random","Plot random effects","R","Reference",1.00116794596105
"mg.meq","Mg (meq/100 g)","strip.plot.random","Strip and plot random effects","A","Balled-and-burlapped",1.00098446933212
"mg.meq","Mg (meq/100 g)","strip.plot.random","Strip and plot random effects","B","Bareroot",1.00064152561505
"mg.meq","Mg (meq/100 g)","strip.plot.random","Strip and plot random effects","C","Seedling",1.00121285663512
"mg.meq","Mg (meq/100 g)","strip.plot.random","Strip and plot random effects","D","Acorn",1.00020282277108
"mg.meq","Mg (meq/100 g)","strip.plot.random","Strip and plot random effects","E","Seedbank",1.00054676546233
"mg.meq","Mg (meq/100 g)","strip.plot.random","Strip and plot random effects","R","Reference",1.00111192518303
"poc.percent","POC (%)","simple","Fixed effects only","A","Balled-and-burlapped",1.00014505402949
"poc.percent","POC (%)","simple","Fixed effects only","B","Bareroot",1.00002310532456
"poc.percent","POC (%)","simple","Fixed effects only","C","Seedling",1.00058124345755
"poc.percent","POC (%)","simple","Fixed effects only","D","Acorn",0.999921106539753
"poc.percent","POC (%)","simple","Fixed effects only","E","Seedbank",1.00030862266881
"poc.percent","POC (%)","simple","Fixed effects only","R","Reference",1.00000561362395
"poc.percent","POC (%)","plot.random","Plot random effects","A","Balled-and-burlapped",1.00038622809017
"poc.percent","POC (%)","plot.random","Plot random effects","B","Bareroot",1.00087668012934
"poc.percent","POC (%)","plot.random","Plot random effects","C","Seedling",1.00074663630442
"poc.percent","POC (%)","plot.random","Plot random effects","D","Acorn",1.00045036116957
"poc.percent","POC (%)","plot.random","Plot random effects","E","Seedbank",1.00079786425972
"poc.percent","POC (%)","plot.random","Plot random effects","R","Reference",1.00040621559169
"poc.percent","POC (%)","strip.plot.random","Strip and plot random effects","A","Balled-and-burlapped",1.00024959699257
"poc.percent","POC (%)","strip.plot.random","Strip and plot random effects","B","Bareroot",1.0006545850265
"poc.percent","POC (%)","strip.plot.random","Strip and plot random effects","C","Seedling",1.00050683097261
"poc.percent","POC (%)","strip.plot.random","Strip and plot random effects","D","Acorn",1.00046961741364
"poc.percent","POC (%)","strip.plot.random","Strip and plot random effects","E","Seedbank",1.00050622327274
"poc.percent","POC (%)","strip.plot.random","Strip and plot random effects","R","Reference",1.00010781061589
"g475mm",">= 4.75 mm","simple","Fixed effects only","A","Balled-and-burlapped",1.0008735827809
"g475mm",">= 4.75 mm","simple","Fixed effects only","B","Bareroot",1.00037076449215
"g475mm",">= 4.75 mm","simple","Fixed effects only","C","Seedling",1.00057810489702
"g475mm",">= 4.75 mm","simple","Fixed effects only","D","Acorn",1.00102300114002
"g475mm",">= 4.75 mm","simple","Fixed effects only","E","Seedbank",1.00078965947158
"g475mm",">= 4.75 mm","simple","Fixed effects only","R","Reference",1.00028690837137
"g475mm",">= 4.75 mm","plot.random","Plot random effects","A","Balled-and-burlapped",1.00068281562091
"g475mm",">= 4.75 mm","plot.random","Plot random effects","B","Bareroot",1.00083813233416
"g475mm",">= 4.75 mm","plot.random","Plot random effects","C","Seedling",1.00026461243146
"g475mm",">= 4.75 mm","plot.random","Plot random effects","D","Acorn",1.00050019978719
"g475mm",">= 4.75 mm","plot.random","Plot random effects","E","Seedbank",1.00099429165782
"g475mm",">= 4.75 mm","plot.random","Plot random effects","R","Reference",1.00010940780718
"g475mm",">= 4.75 mm","strip.plot.random","Strip and plot random effects","A","Balled-and-burlapped",1.00090555696067
"g475mm",">= 4.75 mm","strip.plot.random","Strip and plot random effects","B","Bareroot",1.0003037814477
"g475mm",">= 4.75 mm","strip.plot.random","Strip and plot random effects","C","Seedling",1.00061374787373
"g475mm",">= 4.75 mm","strip.plot.random","Strip and plot random effects","D","Acorn",1.00052901864642
"g475mm",">= 4.75 mm","strip.plot.random","Strip and plot random effects","E","Seedbank",1.0005312904967
"g475mm",">= 4.75 mm","strip.plot.random","Strip and plot random effects","R","Reference",1.00006636491147
"g2mm","2-4.75 mm","simple","Fixed effects only","A","Balled-and-burlapped",1.00070198940161
"g2mm","2-4.75 mm","simple","Fixed effects only","B","Bareroot",1.00050878380638
"g2mm","2-4.75 mm","simple","Fixed effects only","C","Seedling",1.00022740047638
"g2mm","2-4.75 mm","simple","Fixed effects only","D","Acorn",1.00082911740093
"g2mm","2-4.75 mm","simple","Fixed effects only","E","Seedbank",1.00059670488831
"g2mm","2-4.75 mm","simple","Fixed effects only","R","Reference",1.00014681133633
"g2mm","2-4.75 mm","plot.random","Plot random effects","A","Balled-and-burlapped",1.00061519865822
"g2mm","2-4.75 mm","plot.random","Plot random effects","B","Bareroot",1.00063675570366
"g2mm","2-4.75 mm","plot.random","Plot random effects","C","Seedling",1.00055330298694
"g2mm","2-4.75 mm","plot.random","Plot random effects","D","Acorn",1.00038923148604
"g2mm","2-4.75 mm","plot.random","Plot random effects","E","Seedbank",1.00107277777767
"g2mm","2-4.75 mm","plot.random","Plot random effects","R","Reference",1.00080054429694
"g2mm","2-4.75 mm","strip.plot.random","Strip and plot random effects","A","Balled-and-burlapped",1.00137076650511
"g2mm","2-4.75 mm","strip.plot.random","Strip and plot random effects","B","Bareroot",1.00078977223698
"g2mm","2-4.75 mm","strip.plot.random","Strip and plot random effects","C","Seedling",1.00119149506576
"g2mm","2-4.75 mm","strip.plot.random","Strip and plot random effects","D","Acorn",1.00169270566045
"g2mm","2-4.75 mm","strip.plot.random","Strip and plot random effects","E","Seedbank",1.00053574444347
"g2mm","2-4.75 mm","strip.plot.random","Strip and plot random effects","R","Reference",1.00085870951232
"g250um","0.250-2 mm","simple","Fixed effects only","A","Balled-and-burlapped",1.00030586312237
"g250um","0.250-2 mm","simple","Fixed effects only","B","Bareroot",0.999984905748195
"g250um","0.250-2 mm","simple","Fixed effects only","C","Seedling",1.00006765292015
"g250um","0.250-2 mm","simple","Fixed effects only","D","Acorn",1.00057105218267
"g250um","0.250-2 mm","simple","Fixed effects only","E","Seedbank",1.00022479448346
"g250um","0.250-2 mm","simple","Fixed effects only","R","Reference",1.00040060813935
"g250um","0.250-2 mm","plot.random","Plot random effects","A","Balled-and-burlapped",1.00049380936742
"g250um","0.250-2 mm","plot.random","Plot random effects","B","Bareroot",1.00034129923909
"g250um","0.250-2 mm","plot.random","Plot random effects","C","Seedling",1.00032098775834
"g250um","0.250-2 mm","plot.random","Plot random effects","D","Acorn",1.00059527182109
"g250um","0.250-2 mm","plot.random","Plot random effects","E","Seedbank",1.00020372303915
"g250um","0.250-2 mm","plot.random","Plot random effects","R","Reference",1.00057125981349
"g250um","0.250-2 mm","strip.plot.random","Strip and plot random effects","A","Balled-and-burlapped",1.00048652891667
"g250um","0.250-2 mm","strip.plot.random","Strip and plot random effects","B","Bareroot",1.00019241002433
"g250um","0.250-2 mm","strip.plot.random","Strip and plot random effects","C","Seedling",1.00057632551216
"g250um","0.250-2 mm","strip.plot.random","Strip and plot random effects","D","Acorn",1.00032344054975
"g250um","0.250-2 mm","strip.plot.random","Strip and plot random effects","E","Seedbank",1.00042198658838
"g250um","0.250-2 mm","strip.plot.random","Strip and plot random effects","R","Reference",1.00082106756341
"g53um","0.053-0.250 mm","simple","Fixed effects only","A","Balled-and-burlapped",1.0001395010791
"g53um","0.053-0.250 mm","simple","Fixed effects only","B","Bareroot",1.00001500826374
"g53um","0.053-0.250 mm","simple","Fixed effects only","C","Seedling",1.00006193857984
"g53um","0.053-0.250 mm","simple","Fixed effects only","D","Acorn",1.00024417901516
"g53um","0.053-0.250 mm","simple","Fixed effects only","E","Seedbank",1.00033374410102
"g53um","0.053-0.250 mm","simple","Fixed effects only","R","Reference",1.00017683322662
"g53um","0.053-0.250 mm","plot.random","Plot random effects","A","Balled-and-burlapped",1.00128943928439
"g53um","0.053-0.250 mm","plot.random","Plot random effects","B","Bareroot",1.00183602634662
"g53um","0.053-0.250 mm","plot.random","Plot random effects","C","Seedling",1.00118718168333
"g53um","0.053-0.250 mm","plot.random","Plot random effects","D","Acorn",1.00086003249881
"g53um","0.053-0.250 mm","plot.random","Plot random effects","E","Seedbank",1.00090319579652
"g53um","0.053-0.250 mm","plot.random","Plot random effects","R","Reference",1.00131091542096
"g53um","0.053-0.250 mm","strip.plot.random","Strip and plot random effects","A","Balled-and-burlapped",1.0010481186059
"g53um","0.053-0.250 mm","strip.plot.random","Strip and plot random effects","B","Bareroot",1.00105626955112
"g53um","0.053-0.250 mm","strip.plot.random","Strip and plot random effects","C","Seedling",1.0007136860573
"g53um","0.053-0.250 mm","strip.plot.random","Strip and plot random effects","D","Acorn",1.00106730851458
"g53um","0.053-0.250 mm","strip.plot.random","Strip and plot random effects","E","Seedbank",1.00030928474382
"g53um","0.053-0.250 mm","strip.plot.random","Strip and plot random effects","R","Reference",1.00101786778001
"l53um","<0.053 mm","simple","Fixed effects only","A","Balled-and-burlapped",1.00238160344555
"l53um","<0.053 mm","simple","Fixed effects only","B","Bareroot",1.00112483209516
"l53um","<0.053 mm","simple","Fixed effects only","C","Seedling",1.00169913175633
"l53um","<0.053 mm","simple","Fixed effects only","D","Acorn",1.00175356898475
"l53um","<0.053 mm","simple","Fixed effects only","E","Seedbank",1.00217000552828
"l53um","<0.053 mm","simple","Fixed effects only","R","Reference",1.00270792885903
"l53um","<0.053 mm","plot.random","Plot random effects","A","Balled-and-burlapped",1.00061231224105
"l53um","<0.053 mm","plot.random","Plot random effects","B","Bareroot",1.00061551482134
"l53um","<0.053 mm","plot.random","Plot random effects","C","Seedling",1.00053610483732
"l53um","<0.053 mm","plot.random","Plot random effects","D","Acorn",1.00032413380013
"l53um","<0.053 mm","plot.random","Plot random effects","E","Seedbank",1.00025644479793
"l53um","<0.053 mm","plot.random","Plot random effects","R","Reference",1.00033456210352
"l53um","<0.053 mm","strip.plot.random","Strip and plot random effects","A","Balled-and-burlapped",1.00173787000777
"l53um","<0.053 mm","strip.plot.random","Strip and plot random effects","B","Bareroot",1.00137302463791
"l53um","<0.053 mm","strip.plot.random","Strip and plot random effects","C","Seedling",1.00075509024304
"l53um","<0.053 mm","strip.plot.random","Strip and plot random effects","D","Acorn",1.00117034670868
"l53um","<0.053 mm","strip.plot.random","Strip and plot random effects","E","Seedbank",1.00198288335871
"l53um","<0.053 mm","strip.plot.random","Strip and plot random effects","R","Reference",1.00134025730557
"mwd","Mean-weight diameter (mm)","simple","Fixed effects only","A","Balled-and-burlapped",1.00093303183204
"mwd","Mean-weight diameter (mm)","simple","Fixed effects only","B","Bareroot",1.00051423907162
"mwd","Mean-weight diameter (mm)","simple","Fixed effects only","C","Seedling",1.00009223898359
"mwd","Mean-weight diameter (mm)","simple","Fixed effects only","D","Acorn",1.00061720785418
"mwd","Mean-weight diameter (mm)","simple","Fixed effects only","E","Seedbank",1.00047400785007
"mwd","Mean-weight diameter (mm)","simple","Fixed effects only","R","Reference",1.00060138546648
"mwd","Mean-weight diameter (mm)","plot.random","Plot random effects","A","Balled-and-burlapped",1.00066255547675
"mwd","Mean-weight diameter (mm)","plot.random","Plot random effects","B","Bareroot",1.00111692818579
"mwd","Mean-weight diameter (mm)","plot.random","Plot random effects","C","Seedling",1.00075977178393
"mwd","Mean-weight diameter (mm)","plot.random","Plot random effects","D","Acorn",1.00040519888093
"mwd","Mean-weight diameter (mm)","plot.random","Plot random effects","E","Seedbank",1.00053213375909
"mwd","Mean-weight diameter (mm)","plot.random","Plot random effects","R","Reference",1.00089473370058
"mwd","Mean-weight diameter (mm)","strip.plot.random","Strip and plot random effects","A","Balled-and-burlapped",1.00179082750368
"mwd","Mean-weight diameter (mm)","strip.plot.random","Strip and plot random effects","B","Bareroot",1.00173218383905
"mwd","Mean-weight diameter (mm)","strip.plot.random","Strip and plot random effects","C","Seedling",1.00114033649055
"mwd","Mean-weight diameter (mm)","strip.plot.random","Strip and plot random effects","D","Acorn",1.00088014933704
"mwd","Mean-weight diameter (mm)","strip.plot.random","Strip and plot random effects","E","Seedbank",1.00072238458355
"mwd","Mean-weight diameter (mm)","strip.plot.random","Strip and plot random effects","R","Reference",1.00051925454422
"tic.percent","TIC (%)","simple","Fixed effects only","A","Balled-and-burlapped",1.00077620203693
"tic.percent","TIC (%)","simple","Fixed effects only","B","Bareroot",1.00144659427413
"tic.percent","TIC (%)","simple","Fixed effects only","C","Seedling",1.00228383850794
"tic.percent","TIC (%)","simple","Fixed effects only","D","Acorn",1.04276022358455
"tic.percent","TIC (%)","simple","Fixed effects only","E","Seedbank",1.01223852178227
"tic.percent","TIC (%)","simple","Fixed effects only","R","Reference",1.01312361594356
"tic.percent","TIC (%)","plot.random","Plot random effects","A","Balled-and-burlapped",1.01246567914787
"tic.percent","TIC (%)","plot.random","Plot random effects","B","Bareroot",1.0108472522591
"tic.percent","TIC (%)","plot.random","Plot random effects","C","Seedling",1.00818888008004
"tic.percent","TIC (%)","plot.random","Plot random effects","D","Acorn",1.20597759638404
"tic.percent","TIC (%)","plot.random","Plot random effects","E","Seedbank",1.02635174760687
"tic.percent","TIC (%)","plot.random","Plot random effects","R","Reference",1.02018695784739
"tic.percent","TIC (%)","strip.plot.random","Strip and plot random effects","A","Balled-and-burlapped",1.00258502179
"tic.percent","TIC (%)","strip.plot.random","Strip and plot random effects","B","Bareroot",1.00252925326868
"tic.percent","TIC (%)","strip.plot.random","Strip and plot random effects","C","Seedling",1.00139842332117
"tic.percent","TIC (%)","strip.plot.random","Strip and plot random effects","D","Acorn",1.00528672668092
"tic.percent","TIC (%)","strip.plot.random","Strip and plot random effects","E","Seedbank",1.00168874213237
"tic.percent","TIC (%)","strip.plot.random","Strip and plot random effects","R","Reference",1.00372794680043
"moc.percent","MAOC (%)","simple","Fixed effects only","A","Balled-and-burlapped",1.00043719823229
"moc.percent","MAOC (%)","simple","Fixed effects only","B","Bareroot",1.00052155730008
"moc.percent","MAOC (%)","simple","Fixed effects only","C","Seedling",1.00041440841261
"moc.percent","MAOC (%)","simple","Fixed effects only","D","Acorn",1.00112104853497
"moc.percent","MAOC (%)","simple","Fixed effects only","E","Seedbank",1.00032306641012
"moc.percent","MAOC (%)","simple","Fixed effects only","R","Reference",1.00044033536501
"moc.percent","MAOC (%)","plot.random","Plot random effects","A","Balled-and-burlapped",1.00103932543802
"moc.percent","MAOC (%)","plot.random","Plot random effects","B","Bareroot",1.00151809177558
"moc.percent","MAOC (%)","plot.random","Plot random effects","C","Seedling",1.00061223261452
"moc.percent","MAOC (%)","plot.random","Plot random effects","D","Acorn",1.00047122665713
"moc.percent","MAOC (%)","plot.random","Plot random effects","E","Seedbank",1.00121150425682
"moc.percent","MAOC (%)","plot.random","Plot random effects","R","Reference",1.00100028463561
"moc.percent","MAOC (%)","strip.plot.random","Strip and plot random effects","A","Balled-and-burlapped",1.00121519725683
"moc.percent","MAOC (%)","strip.plot.random","Strip and plot random effects","B","Bareroot",1.00036888374868
"moc.percent","MAOC (%)","strip.plot.random","Strip and plot random effects","C","Seedling",1.0006259801732
"moc.percent","MAOC (%)","strip.plot.random","Strip and plot random effects","D","Acorn",1.00070282814494
"moc.percent","MAOC (%)","strip.plot.random","Strip and plot random effects","E","Seedbank",1.00036498861861
"moc.percent","MAOC (%)","strip.plot.random","Strip and plot random effects","R","Reference",1.00081767307179
"poc.moc.ratio","POC:MAOC ratio","simple","Fixed effects only","A","Balled-and-burlapped",1.00036129605255
"poc.moc.ratio","POC:MAOC ratio","simple","Fixed effects only","B","Bareroot",1.00054146414128
"poc.moc.ratio","POC:MAOC ratio","simple","Fixed effects only","C","Seedling",1.00022461884374
"poc.moc.ratio","POC:MAOC ratio","simple","Fixed effects only","D","Acorn",1.00043498033614
"poc.moc.ratio","POC:MAOC ratio","simple","Fixed effects only","E","Seedbank",1.00020567600267
"poc.moc.ratio","POC:MAOC ratio","simple","Fixed effects only","R","Reference",1.00060711977443
"poc.moc.ratio","POC:MAOC ratio","plot.random","Plot random effects","A","Balled-and-burlapped",1.00226715307464
"poc.moc.ratio","POC:MAOC ratio","plot.random","Plot random effects","B","Bareroot",1.00121346870847
"poc.moc.ratio","POC:MAOC ratio","plot.random","Plot random effects","C","Seedling",1.0011807272039
"poc.moc.ratio","POC:MAOC ratio","plot.random","Plot random effects","D","Acorn",1.00172231335851
"poc.moc.ratio","POC:MAOC ratio","plot.random","Plot random effects","E","Seedbank",1.00070344956803
"poc.moc.ratio","POC:MAOC ratio","plot.random","Plot random effects","R","Reference",1.00123323512786
"poc.moc.ratio","POC:MAOC ratio","strip.plot.random","Strip and plot random effects","A","Balled-and-burlapped",1.00112216726664
"poc.moc.ratio","POC:MAOC ratio","strip.plot.random","Strip and plot random effects","B","Bareroot",1.00125084114178
"poc.moc.ratio","POC:MAOC ratio","strip.plot.random","Strip and plot random effects","C","Seedling",1.00049170181272
"poc.moc.ratio","POC:MAOC ratio","strip.plot.random","Strip and plot random effects","D","Acorn",1.00045999503898
"poc.moc.ratio","POC:MAOC ratio","strip.plot.random","Strip and plot random effects","E","Seedbank",1.00084304230008
"poc.moc.ratio","POC:MAOC ratio","strip.plot.random","Strip and plot random effects","R","Reference",1.00090779541863
