model,model.label,variable,variable.label,variable.mean,treatment,full.treatment.name,posterior.mean,posterior.se,5,95,25,75
simple,Fixed effects only,temperature,Temperature (C),16.69666667,A,Balled-and-burlapped,-0.016556125,0.013884344,-0.038489838,0.007240834,-0.025847357,-0.007214368
simple,Fixed effects only,temperature,Temperature (C),16.69666667,B,Bareroot,-0.001705473,0.019651075,-0.03474987,0.029975306,-0.015438532,0.010801678
simple,Fixed effects only,temperature,Temperature (C),16.69666667,C,Seedling,-0.018483923,0.019772852,-0.051547304,0.01343244,-0.031378291,-0.004896582
simple,Fixed effects only,temperature,Temperature (C),16.69666667,D,Acorn,0.057193601,0.019096983,0.026359533,0.088898633,0.045207095,0.070758987
simple,Fixed effects only,temperature,Temperature (C),16.69666667,E,Seedbank,0.036970757,0.01918086,0.005939153,0.068897875,0.024222013,0.049849515
simple,Fixed effects only,temperature,Temperature (C),16.69666667,R,Reference,0.021710279,0.019382342,-0.010137617,0.053682334,0.00984586,0.035712253
strip.random,Strip random effects,temperature,Temperature (C),16.69666667,A,Balled-and-burlapped,-0.018452122,0.021977794,-0.054739161,0.015318423,-0.030800112,-0.004329432
strip.random,Strip random effects,temperature,Temperature (C),16.69666667,B,Bareroot,-8.76E-05,0.029275285,-0.047768056,0.045549975,-0.018552287,0.01666791
strip.random,Strip random effects,temperature,Temperature (C),16.69666667,C,Seedling,-0.016806934,0.029364039,-0.06285046,0.031122757,-0.033686335,0.001910947
strip.random,Strip random effects,temperature,Temperature (C),16.69666667,D,Acorn,0.054574686,0.030618764,0.005496632,0.103865781,0.038170149,0.074796648
strip.random,Strip random effects,temperature,Temperature (C),16.69666667,E,Seedbank,0.038753203,0.029185281,-0.007609647,0.086477216,0.01987963,0.054934466
strip.random,Strip random effects,temperature,Temperature (C),16.69666667,R,Reference,0.02345951,0.034923983,-0.030562387,0.079906326,0.004700699,0.044816638
strip.plot.random,Strip and plot random effects,temperature,Temperature (C),16.69666667,A,Balled-and-burlapped,-0.017861533,0.031290366,-0.06817622,0.033220548,-0.037914539,-4.78E-06
strip.plot.random,Strip and plot random effects,temperature,Temperature (C),16.69666667,B,Bareroot,-0.00050814,0.042907127,-0.070848825,0.068420086,-0.024822332,0.028024066
strip.plot.random,Strip and plot random effects,temperature,Temperature (C),16.69666667,C,Seedling,-0.017435781,0.042930936,-0.086063109,0.052316742,-0.043666684,0.009780816
strip.plot.random,Strip and plot random effects,temperature,Temperature (C),16.69666667,D,Acorn,0.055985679,0.043881401,-0.013590521,0.127737244,0.0285435,0.081898525
strip.plot.random,Strip and plot random effects,temperature,Temperature (C),16.69666667,E,Seedbank,0.037841821,0.04315956,-0.032244327,0.106024108,0.012306625,0.06500552
strip.plot.random,Strip and plot random effects,temperature,Temperature (C),16.69666667,R,Reference,0.022457725,0.04765312,-0.052626256,0.098789664,-0.006200897,0.050321182
simple,Fixed effects only,gravimetric.moisture,Gravitational moisture (%),27.87420834,A,Balled-and-burlapped,-0.035241495,0.035953852,-0.094217174,0.023256205,-0.056809427,-0.008775161
simple,Fixed effects only,gravimetric.moisture,Gravitational moisture (%),27.87420834,B,Bareroot,-0.048284562,0.051920845,-0.131705432,0.038807352,-0.085127862,-0.015880697
simple,Fixed effects only,gravimetric.moisture,Gravitational moisture (%),27.87420834,C,Seedling,-0.057494929,0.052014172,-0.144015898,0.026501928,-0.088610581,-0.019074459
simple,Fixed effects only,gravimetric.moisture,Gravitational moisture (%),27.87420834,D,Acorn,0.124971577,0.047774768,0.044779918,0.2017676,0.093274725,0.156752466
simple,Fixed effects only,gravimetric.moisture,Gravitational moisture (%),27.87420834,E,Seedbank,0.067292688,0.049085188,-0.013157397,0.147802708,0.033821078,0.099628214
simple,Fixed effects only,gravimetric.moisture,Gravitational moisture (%),27.87420834,R,Reference,0.099667966,0.048414401,0.022892437,0.181803437,0.067626995,0.132373936
strip.random,Strip random effects,gravimetric.moisture,Gravitational moisture (%),27.87420834,A,Balled-and-burlapped,-0.028749228,0.066577233,-0.132666488,0.07904093,-0.066347741,0.012611791
strip.random,Strip random effects,gravimetric.moisture,Gravitational moisture (%),27.87420834,B,Bareroot,-0.056224668,0.088520323,-0.197698668,0.08486184,-0.112215296,-0.005448832
strip.random,Strip random effects,gravimetric.moisture,Gravitational moisture (%),27.87420834,C,Seedling,-0.065538082,0.08878794,-0.205908759,0.080015174,-0.119734689,-0.01268385
strip.random,Strip random effects,gravimetric.moisture,Gravitational moisture (%),27.87420834,D,Acorn,0.136518348,0.092509,-0.006549267,0.287557724,0.079009946,0.188119991
strip.random,Strip random effects,gravimetric.moisture,Gravitational moisture (%),27.87420834,E,Seedbank,0.058990766,0.086944748,-0.085841372,0.192540099,0.006116024,0.109963676
strip.random,Strip random effects,gravimetric.moisture,Gravitational moisture (%),27.87420834,R,Reference,0.093209526,0.108790952,-0.078421708,0.268724529,0.033911231,0.157234933
strip.plot.random,Strip and plot random effects,gravimetric.moisture,Gravitational moisture (%),27.87420834,A,Balled-and-burlapped,-0.032033931,0.068773051,-0.141347021,0.078497857,-0.072339043,0.009092273
strip.plot.random,Strip and plot random effects,gravimetric.moisture,Gravitational moisture (%),27.87420834,B,Bareroot,-0.053229884,0.09353822,-0.202887735,0.095560777,-0.107935146,0.004579103
strip.plot.random,Strip and plot random effects,gravimetric.moisture,Gravitational moisture (%),27.87420834,C,Seedling,-0.062655356,0.092778164,-0.211039465,0.084808058,-0.118515734,-0.00671144
strip.plot.random,Strip and plot random effects,gravimetric.moisture,Gravitational moisture (%),27.87420834,D,Acorn,0.133278455,0.094858318,-0.018923017,0.282919427,0.074032513,0.18682586
strip.plot.random,Strip and plot random effects,gravimetric.moisture,Gravitational moisture (%),27.87420834,E,Seedbank,0.062505101,0.090840916,-0.083665537,0.20734148,0.007312356,0.116722455
strip.plot.random,Strip and plot random effects,gravimetric.moisture,Gravitational moisture (%),27.87420834,R,Reference,0.095723404,0.108645947,-0.078184829,0.26694708,0.034681684,0.160078647
simple,Fixed effects only,bulk.density,Bulk density (g/cm3),0.877572124,A,Balled-and-burlapped,0.081545318,0.023728119,0.042436999,0.120041321,0.067314586,0.099085807
simple,Fixed effects only,bulk.density,Bulk density (g/cm3),0.877572124,B,Bareroot,-0.106090029,0.035243069,-0.163994006,-0.048076299,-0.129611624,-0.08266686
simple,Fixed effects only,bulk.density,Bulk density (g/cm3),0.877572124,C,Seedling,-0.102327605,0.035319031,-0.160658844,-0.044712891,-0.12580115,-0.078576445
simple,Fixed effects only,bulk.density,Bulk density (g/cm3),0.877572124,D,Acorn,-0.207482454,0.037203661,-0.269794451,-0.147369792,-0.232281485,-0.182735399
simple,Fixed effects only,bulk.density,Bulk density (g/cm3),0.877572124,E,Seedbank,-0.072016456,0.034616424,-0.12784685,-0.013982263,-0.093809438,-0.047650222
simple,Fixed effects only,bulk.density,Bulk density (g/cm3),0.877572124,R,Reference,-0.02071397,0.03384441,-0.075273522,0.035721857,-0.04334873,0.001662052
strip.random,Strip random effects,bulk.density,Bulk density (g/cm3),0.877572124,A,Balled-and-burlapped,0.080637103,0.03734769,0.020974021,0.140100698,0.059671398,0.103659627
strip.random,Strip random effects,bulk.density,Bulk density (g/cm3),0.877572124,B,Bareroot,-0.105216523,0.051385239,-0.184296637,-0.019629995,-0.136242099,-0.073910068
strip.random,Strip random effects,bulk.density,Bulk density (g/cm3),0.877572124,C,Seedling,-0.101671503,0.051394259,-0.183672103,-0.020315538,-0.134608544,-0.072614939
strip.random,Strip random effects,bulk.density,Bulk density (g/cm3),0.877572124,D,Acorn,-0.209672318,0.055921731,-0.297161679,-0.119668494,-0.242418416,-0.175625854
strip.random,Strip random effects,bulk.density,Bulk density (g/cm3),0.877572124,E,Seedbank,-0.071305379,0.050953934,-0.153490943,0.00904678,-0.104553434,-0.043286506
strip.random,Strip random effects,bulk.density,Bulk density (g/cm3),0.877572124,R,Reference,-0.019688586,0.060096769,-0.116212709,0.07443507,-0.05446195,0.013489663
strip.plot.random,Strip and plot random effects,bulk.density,Bulk density (g/cm3),0.877572124,A,Balled-and-burlapped,0.08081633,0.041202731,0.015171774,0.14554811,0.056642541,0.10580067
strip.plot.random,Strip and plot random effects,bulk.density,Bulk density (g/cm3),0.877572124,B,Bareroot,-0.105899963,0.056999101,-0.194892717,-0.013660662,-0.141256614,-0.072246879
strip.plot.random,Strip and plot random effects,bulk.density,Bulk density (g/cm3),0.877572124,C,Seedling,-0.102552649,0.056969083,-0.193805333,-0.012043142,-0.138319511,-0.069543657
strip.plot.random,Strip and plot random effects,bulk.density,Bulk density (g/cm3),0.877572124,D,Acorn,-0.209390967,0.06128023,-0.307127348,-0.113237675,-0.248087774,-0.174322746
strip.plot.random,Strip and plot random effects,bulk.density,Bulk density (g/cm3),0.877572124,E,Seedbank,-0.071983265,0.056748339,-0.160152563,0.020237507,-0.107346202,-0.03883893
strip.plot.random,Strip and plot random effects,bulk.density,Bulk density (g/cm3),0.877572124,R,Reference,-0.020294171,0.065510992,-0.125720002,0.079923835,-0.056251006,0.017657618
simple,Fixed effects only,bulk.n.percent,TN (%),0.250444444,A,Balled-and-burlapped,0.109808289,0.032354524,0.057898254,0.163580967,0.087732607,0.131180055
simple,Fixed effects only,bulk.n.percent,TN (%),0.250444444,B,Bareroot,0.053760127,0.044688197,-0.022538981,0.124061489,0.022619222,0.082421611
simple,Fixed effects only,bulk.n.percent,TN (%),0.250444444,C,Seedling,-0.10551754,0.047891999,-0.183801138,-0.027231277,-0.138725807,-0.074266301
simple,Fixed effects only,bulk.n.percent,TN (%),0.250444444,D,Acorn,0.00972013,0.045404993,-0.064846034,0.083604438,-0.022818343,0.038017082
simple,Fixed effects only,bulk.n.percent,TN (%),0.250444444,E,Seedbank,-0.15449327,0.049923106,-0.234118841,-0.069983629,-0.186756398,-0.120078806
simple,Fixed effects only,bulk.n.percent,TN (%),0.250444444,R,Reference,-0.609705663,0.067722641,-0.719446553,-0.497094036,-0.651870747,-0.562578942
strip.random,Strip random effects,bulk.n.percent,TN (%),0.250444444,A,Balled-and-burlapped,0.11193272,0.131913389,-0.100690453,0.320766254,0.030389618,0.186993561
strip.random,Strip random effects,bulk.n.percent,TN (%),0.250444444,B,Bareroot,0.050652783,0.172039377,-0.215335115,0.333142607,-0.052260947,0.150900953
strip.random,Strip random effects,bulk.n.percent,TN (%),0.250444444,C,Seedling,-0.116603284,0.17140789,-0.392924221,0.15593978,-0.212406095,-0.008079121
strip.random,Strip random effects,bulk.n.percent,TN (%),0.250444444,D,Acorn,0.008221738,0.186994076,-0.289193574,0.307354125,-0.098268399,0.123551635
strip.random,Strip random effects,bulk.n.percent,TN (%),0.250444444,E,Seedbank,-0.170366132,0.173111251,-0.439269141,0.111667643,-0.271041183,-0.065964066
strip.random,Strip random effects,bulk.n.percent,TN (%),0.250444444,R,Reference,-0.610147014,0.231712719,-0.978846998,-0.242871442,-0.739634423,-0.462597439
strip.plot.random,Strip and plot random effects,bulk.n.percent,TN (%),0.250444444,A,Balled-and-burlapped,0.110914492,0.123913543,-0.084395202,0.312079361,0.038338712,0.185864902
strip.plot.random,Strip and plot random effects,bulk.n.percent,TN (%),0.250444444,B,Bareroot,0.051401614,0.165913047,-0.213551981,0.317998103,-0.046938046,0.153371772
strip.plot.random,Strip and plot random effects,bulk.n.percent,TN (%),0.250444444,C,Seedling,-0.116696989,0.167565249,-0.382939695,0.154815157,-0.217536199,-0.017933677
strip.plot.random,Strip and plot random effects,bulk.n.percent,TN (%),0.250444444,D,Acorn,0.005776195,0.177310552,-0.267452619,0.299751834,-0.107735289,0.102402243
strip.plot.random,Strip and plot random effects,bulk.n.percent,TN (%),0.250444444,E,Seedbank,-0.168995875,0.167098225,-0.433752791,0.103284903,-0.268838432,-0.068985779
strip.plot.random,Strip and plot random effects,bulk.n.percent,TN (%),0.250444444,R,Reference,-0.611128658,0.203115962,-0.924707048,-0.279101365,-0.727331904,-0.493894197
simple,Fixed effects only,bulk.c.percent,TC (%),4.265777778,A,Balled-and-burlapped,-0.076286806,0.035297481,-0.133573615,-0.017710848,-0.097716138,-0.050565712
simple,Fixed effects only,bulk.c.percent,TC (%),4.265777778,B,Bareroot,0.031652721,0.049068028,-0.046382768,0.114827007,-8.53E-05,0.065523462
simple,Fixed effects only,bulk.c.percent,TC (%),4.265777778,C,Seedling,0.042734737,0.048595028,-0.034910534,0.124862994,0.008302107,0.073533274
simple,Fixed effects only,bulk.c.percent,TC (%),4.265777778,D,Acorn,0.114261087,0.047163208,0.034495427,0.189988923,0.083876959,0.147118259
simple,Fixed effects only,bulk.c.percent,TC (%),4.265777778,E,Seedbank,0.109009158,0.047260017,0.03162318,0.186111226,0.079067014,0.142027496
simple,Fixed effects only,bulk.c.percent,TC (%),4.265777778,R,Reference,0.142561381,0.046605324,0.066633862,0.219622921,0.114509265,0.177186581
strip.random,Strip random effects,bulk.c.percent,TC (%),4.265777778,A,Balled-and-burlapped,-0.077708339,0.052913742,-0.162917611,0.00529643,-0.106432112,-0.04218504
strip.random,Strip random effects,bulk.c.percent,TC (%),4.265777778,B,Bareroot,0.032036552,0.070878796,-0.080232428,0.145450389,-0.014735218,0.072017759
strip.random,Strip random effects,bulk.c.percent,TC (%),4.265777778,C,Seedling,0.043140926,0.069895081,-0.068544851,0.155311164,0.001831274,0.087986547
strip.random,Strip random effects,bulk.c.percent,TC (%),4.265777778,D,Acorn,0.125965965,0.073337014,0.007164945,0.240702619,0.078452317,0.166621717
strip.random,Strip random effects,bulk.c.percent,TC (%),4.265777778,E,Seedbank,0.109808558,0.069739331,-0.001889211,0.220488091,0.069203227,0.154019295
strip.random,Strip random effects,bulk.c.percent,TC (%),4.265777778,R,Reference,0.143981672,0.082949452,0.01413112,0.276247806,0.096119759,0.19144469
strip.plot.random,Strip and plot random effects,bulk.c.percent,TC (%),4.265777778,A,Balled-and-burlapped,-0.0780846,0.055304629,-0.165986413,0.011898388,-0.110345448,-0.04277558
strip.plot.random,Strip and plot random effects,bulk.c.percent,TC (%),4.265777778,B,Bareroot,0.03217395,0.074692991,-0.087397399,0.152972007,-0.008697758,0.083714118
strip.plot.random,Strip and plot random effects,bulk.c.percent,TC (%),4.265777778,C,Seedling,0.043357842,0.074448669,-0.076635916,0.162945402,-0.001496667,0.090487515
strip.plot.random,Strip and plot random effects,bulk.c.percent,TC (%),4.265777778,D,Acorn,0.124352155,0.076819103,-0.00322414,0.242949196,0.073961571,0.167143942
strip.plot.random,Strip and plot random effects,bulk.c.percent,TC (%),4.265777778,E,Seedbank,0.109558419,0.073631269,-0.008956802,0.226562423,0.065113481,0.155679143
strip.plot.random,Strip and plot random effects,bulk.c.percent,TC (%),4.265777778,R,Reference,0.143882816,0.085238174,0.005415076,0.27676661,0.094911337,0.195192753
simple,Fixed effects only,bulk.cn.ratio,C:N Ratio,16.69744444,A,Balled-and-burlapped,-0.164813291,0.031871723,-0.216961936,-0.111954781,-0.183861509,-0.141675136
simple,Fixed effects only,bulk.cn.ratio,C:N Ratio,16.69744444,B,Bareroot,-0.020441997,0.045186998,-0.095030702,0.052807838,-0.047496076,0.013047212
simple,Fixed effects only,bulk.cn.ratio,C:N Ratio,16.69744444,C,Seedling,0.174653332,0.041473,0.105755257,0.241412384,0.146340818,0.202122251
simple,Fixed effects only,bulk.cn.ratio,C:N Ratio,16.69744444,D,Acorn,0.035898344,0.044195848,-0.036381934,0.108265087,0.006915312,0.065713853
simple,Fixed effects only,bulk.cn.ratio,C:N Ratio,16.69744444,E,Seedbank,0.226742431,0.040551645,0.160993649,0.294719991,0.199634835,0.254136235
simple,Fixed effects only,bulk.cn.ratio,C:N Ratio,16.69744444,R,Reference,0.473303194,0.037371574,0.412951703,0.535646146,0.447656163,0.497504196
strip.random,Strip random effects,bulk.cn.ratio,C:N Ratio,16.69744444,A,Balled-and-burlapped,-0.169188124,0.104568213,-0.332136404,0.00125738,-0.22874662,-0.104144541
strip.random,Strip random effects,bulk.cn.ratio,C:N Ratio,16.69744444,B,Bareroot,-0.016944733,0.134899546,-0.24432283,0.18865962,-0.09854396,0.062807902
strip.random,Strip random effects,bulk.cn.ratio,C:N Ratio,16.69744444,C,Seedling,0.170130696,0.134931463,-0.049302349,0.38142255,0.095758275,0.256227192
strip.random,Strip random effects,bulk.cn.ratio,C:N Ratio,16.69744444,D,Acorn,0.037502975,0.147021161,-0.190799619,0.278152407,-0.054098088,0.122158176
strip.random,Strip random effects,bulk.cn.ratio,C:N Ratio,16.69744444,E,Seedbank,0.225050886,0.135303802,0.01285641,0.44505459,0.143103602,0.304881075
strip.random,Strip random effects,bulk.cn.ratio,C:N Ratio,16.69744444,R,Reference,0.476911741,0.178091593,0.189126965,0.759069333,0.375201275,0.587392938
strip.plot.random,Strip and plot random effects,bulk.cn.ratio,C:N Ratio,16.69744444,A,Balled-and-burlapped,-0.16773649,0.098434039,-0.323875124,-0.009430247,-0.22310357,-0.105930675
strip.plot.random,Strip and plot random effects,bulk.cn.ratio,C:N Ratio,16.69744444,B,Bareroot,-0.018455229,0.130960244,-0.228628054,0.191227679,-0.096542969,0.059508302
strip.plot.random,Strip and plot random effects,bulk.cn.ratio,C:N Ratio,16.69744444,C,Seedling,0.168396401,0.129326884,-0.040663666,0.371172655,0.091076504,0.24747323
strip.plot.random,Strip and plot random effects,bulk.cn.ratio,C:N Ratio,16.69744444,D,Acorn,0.036193037,0.137679451,-0.190273958,0.251389982,-0.04982887,0.113602149
strip.plot.random,Strip and plot random effects,bulk.cn.ratio,C:N Ratio,16.69744444,E,Seedbank,0.224383523,0.129606152,0.011236715,0.423772165,0.146449893,0.300504469
strip.plot.random,Strip and plot random effects,bulk.cn.ratio,C:N Ratio,16.69744444,R,Reference,0.476782051,0.160256529,0.217780668,0.726080001,0.38773236,0.572032174
simple,Fixed effects only,toc.percent,TOC (%),3.896777778,A,Balled-and-burlapped,-0.197202401,0.046068789,-0.272804531,-0.122202292,-0.227607078,-0.165873504
simple,Fixed effects only,toc.percent,TOC (%),3.896777778,B,Bareroot,0.07155709,0.062857131,-0.032305038,0.172432003,0.031980774,0.116479594
simple,Fixed effects only,toc.percent,TOC (%),3.896777778,C,Seedling,0.077356219,0.062540975,-0.024496153,0.181078262,0.039281547,0.123348222
simple,Fixed effects only,toc.percent,TOC (%),3.896777778,D,Acorn,0.289629862,0.05746271,0.194457712,0.382292171,0.251309843,0.327798802
simple,Fixed effects only,toc.percent,TOC (%),3.896777778,E,Seedbank,0.320027469,0.057060932,0.229024694,0.415796932,0.280636904,0.356625223
simple,Fixed effects only,toc.percent,TOC (%),3.896777778,R,Reference,0.353562002,0.056425737,0.261601503,0.446863065,0.311490513,0.386316026
strip.random,Strip random effects,toc.percent,TOC (%),3.896777778,A,Balled-and-burlapped,-0.19978823,0.065296098,-0.303559843,-0.093363106,-0.237912113,-0.158126552
strip.random,Strip random effects,toc.percent,TOC (%),3.896777778,B,Bareroot,0.072525287,0.086810175,-0.062655789,0.216546614,0.013585387,0.12068241
strip.random,Strip random effects,toc.percent,TOC (%),3.896777778,C,Seedling,0.078132553,0.08554369,-0.061371284,0.214882917,0.028311591,0.134242037
strip.random,Strip random effects,toc.percent,TOC (%),3.896777778,D,Acorn,0.306426073,0.087433188,0.166222763,0.443742129,0.246251254,0.35238381
strip.random,Strip random effects,toc.percent,TOC (%),3.896777778,E,Seedbank,0.322310944,0.082142863,0.191000399,0.454028878,0.269075229,0.369342375
strip.random,Strip random effects,toc.percent,TOC (%),3.896777778,R,Reference,0.356269896,0.097441122,0.201490203,0.513715027,0.299116036,0.41339782
strip.plot.random,Strip and plot random effects,toc.percent,TOC (%),3.896777778,A,Balled-and-burlapped,-0.200547181,0.069552863,-0.312147325,-0.088648053,-0.240378506,-0.153756714
strip.plot.random,Strip and plot random effects,toc.percent,TOC (%),3.896777778,B,Bareroot,0.072475361,0.093075416,-0.074631972,0.225308735,0.013218859,0.13014554
strip.plot.random,Strip and plot random effects,toc.percent,TOC (%),3.896777778,C,Seedling,0.078466445,0.093128058,-0.074997834,0.225927149,0.019568961,0.136089041
strip.plot.random,Strip and plot random effects,toc.percent,TOC (%),3.896777778,D,Acorn,0.302498385,0.093909335,0.154064347,0.454824572,0.243283662,0.358178581
strip.plot.random,Strip and plot random effects,toc.percent,TOC (%),3.896777778,E,Seedbank,0.321853581,0.089825491,0.174130629,0.464442821,0.261365053,0.372351407
strip.plot.random,Strip and plot random effects,toc.percent,TOC (%),3.896777778,R,Reference,0.355640471,0.101762219,0.197682675,0.52287489,0.288359489,0.40921638
simple,Fixed effects only,sand,Sand (%),40.73333333,A,Balled-and-burlapped,-0.069320911,0.03141025,-0.121225832,-0.017977681,-0.088473225,-0.046437766
simple,Fixed effects only,sand,Sand (%),40.73333333,B,Bareroot,0.034636268,0.043726002,-0.037802733,0.106105844,0.006342709,0.06497698
simple,Fixed effects only,sand,Sand (%),40.73333333,C,Seedling,0.053178658,0.043423812,-0.017859008,0.124564846,0.026308339,0.084499683
simple,Fixed effects only,sand,Sand (%),40.73333333,D,Acorn,0.053132001,0.043184586,-0.019890507,0.122707639,0.024538504,0.082055955
simple,Fixed effects only,sand,Sand (%),40.73333333,E,Seedbank,0.076140276,0.042914728,0.004682477,0.145815689,0.046742146,0.104347717
simple,Fixed effects only,sand,Sand (%),40.73333333,R,Reference,0.181183514,0.041108387,0.114708186,0.249795564,0.151266113,0.206499913
strip.random,Strip random effects,sand,Sand (%),40.73333333,A,Balled-and-burlapped,-0.078338489,0.053140913,-0.162371748,0.006635389,-0.107522619,-0.044205673
strip.random,Strip random effects,sand,Sand (%),40.73333333,B,Bareroot,0.042351467,0.069918979,-0.069760034,0.154032971,-0.006193898,0.078061709
strip.random,Strip random effects,sand,Sand (%),40.73333333,C,Seedling,0.061064046,0.069523088,-0.048945079,0.172491422,0.0152854,0.099002418
strip.random,Strip random effects,sand,Sand (%),40.73333333,D,Acorn,0.06298371,0.075066819,-0.054715506,0.182915461,0.017912992,0.106607073
strip.random,Strip random effects,sand,Sand (%),40.73333333,E,Seedbank,0.084668562,0.06929005,-0.029052578,0.190895215,0.041261944,0.124023474
strip.random,Strip random effects,sand,Sand (%),40.73333333,R,Reference,0.190484363,0.084622761,0.058510068,0.329024448,0.140613303,0.235377638
strip.plot.random,Strip and plot random effects,sand,Sand (%),40.73333333,A,Balled-and-burlapped,-0.075053056,0.063343529,-0.17432942,0.02771791,-0.110595607,-0.034973943
strip.plot.random,Strip and plot random effects,sand,Sand (%),40.73333333,B,Bareroot,0.039183929,0.085551303,-0.096142287,0.178770201,-0.012285458,0.091513665
strip.plot.random,Strip and plot random effects,sand,Sand (%),40.73333333,C,Seedling,0.057149357,0.085579816,-0.079363854,0.196096027,0.003051283,0.106556162
strip.plot.random,Strip and plot random effects,sand,Sand (%),40.73333333,D,Acorn,0.058087334,0.088768916,-0.084988396,0.197918161,0.00541004,0.112013244
strip.plot.random,Strip and plot random effects,sand,Sand (%),40.73333333,E,Seedbank,0.079999966,0.08547378,-0.057542824,0.215620321,0.024895029,0.127774032
strip.plot.random,Strip and plot random effects,sand,Sand (%),40.73333333,R,Reference,0.185526467,0.095697956,0.029312986,0.332391245,0.13082942,0.240799591
simple,Fixed effects only,silt,Silt (%),42.11111111,A,Balled-and-burlapped,0.054768899,0.025307819,0.013722952,0.097069812,0.038978619,0.072672252
simple,Fixed effects only,silt,Silt (%),42.11111111,B,Bareroot,-0.042790099,0.036824006,-0.103112313,0.017985824,-0.069478844,-0.020483231
simple,Fixed effects only,silt,Silt (%),42.11111111,C,Seedling,-0.031768683,0.036376192,-0.092152361,0.027379221,-0.055349273,-0.006835625
simple,Fixed effects only,silt,Silt (%),42.11111111,D,Acorn,-0.044236439,0.036713538,-0.104531227,0.016098019,-0.070851912,-0.021777752
simple,Fixed effects only,silt,Silt (%),42.11111111,E,Seedbank,-0.06961373,0.037057049,-0.13253533,-0.010512601,-0.095088273,-0.045400769
simple,Fixed effects only,silt,Silt (%),42.11111111,R,Reference,-0.153522568,0.038983387,-0.216694601,-0.089243494,-0.17785312,-0.125455499
strip.random,Strip random effects,silt,Silt (%),42.11111111,A,Balled-and-burlapped,0.06026317,0.039403342,-0.002280237,0.1224802,0.03586683,0.082890775
strip.random,Strip random effects,silt,Silt (%),42.11111111,B,Bareroot,-0.048853827,0.053069254,-0.133787052,0.035275038,-0.078775689,-0.014786611
strip.random,Strip random effects,silt,Silt (%),42.11111111,C,Seedling,-0.03776924,0.052871614,-0.123004822,0.046085577,-0.065824499,-0.001921937
strip.random,Strip random effects,silt,Silt (%),42.11111111,D,Acorn,-0.05240785,0.055999471,-0.141655886,0.036995309,-0.083101429,-0.015804444
strip.random,Strip random effects,silt,Silt (%),42.11111111,E,Seedbank,-0.075335425,0.053244565,-0.162560537,0.007447573,-0.10448454,-0.038948841
strip.random,Strip random effects,silt,Silt (%),42.11111111,R,Reference,-0.158898952,0.064170387,-0.259260951,-0.056543188,-0.194044366,-0.119325898
strip.plot.random,Strip and plot random effects,silt,Silt (%),42.11111111,A,Balled-and-burlapped,0.055249536,0.066336627,-0.052643934,0.158982726,0.017925212,0.096689178
strip.plot.random,Strip and plot random effects,silt,Silt (%),42.11111111,B,Bareroot,-0.044492408,0.090619414,-0.185717349,0.102440829,-0.102417513,0.006849436
strip.plot.random,Strip and plot random effects,silt,Silt (%),42.11111111,C,Seedling,-0.033091082,0.091859006,-0.178066497,0.114659618,-0.094177027,0.017391248
strip.plot.random,Strip and plot random effects,silt,Silt (%),42.11111111,D,Acorn,-0.048271534,0.093966315,-0.198475081,0.101252145,-0.101205065,0.011030827
strip.plot.random,Strip and plot random effects,silt,Silt (%),42.11111111,E,Seedbank,-0.072031872,0.091737229,-0.217606595,0.075735317,-0.129593205,-0.018599223
strip.plot.random,Strip and plot random effects,silt,Silt (%),42.11111111,R,Reference,-0.156994967,0.100982913,-0.317396299,0.003908487,-0.214181613,-0.096285067
simple,Fixed effects only,clay,Clay (%),17.15555556,A,Balled-and-burlapped,0.012185767,0.032477361,-0.040302974,0.066348742,-0.008223777,0.035427524
simple,Fixed effects only,clay,Clay (%),17.15555556,B,Bareroot,0.030703383,0.045570315,-0.045226099,0.104325971,-0.00099535,0.06000136
simple,Fixed effects only,clay,Clay (%),17.15555556,C,Seedling,-0.038740614,0.046833388,-0.116549451,0.037779341,-0.069020979,-0.006322352
simple,Fixed effects only,clay,Clay (%),17.15555556,D,Acorn,-0.007332476,0.046293772,-0.083010917,0.068718162,-0.041069933,0.020750009
simple,Fixed effects only,clay,Clay (%),17.15555556,E,Seedbank,0.000341444,0.046072435,-0.075068884,0.076624919,-0.02779876,0.033651539
simple,Fixed effects only,clay,Clay (%),17.15555556,R,Reference,-0.071236164,0.04796537,-0.150915102,0.006714872,-0.102323908,-0.038193687
strip.random,Strip random effects,clay,Clay (%),17.15555556,A,Balled-and-burlapped,0.015116775,0.051026279,-0.06429316,0.09876953,-0.01618448,0.044158239
strip.random,Strip random effects,clay,Clay (%),17.15555556,B,Bareroot,0.027045164,0.06801036,-0.085393264,0.131634243,-0.011773631,0.070405645
strip.random,Strip random effects,clay,Clay (%),17.15555556,C,Seedling,-0.042774882,0.068801136,-0.154127155,0.067197847,-0.085488106,-0.002125831
strip.random,Strip random effects,clay,Clay (%),17.15555556,D,Acorn,-0.00821,0.072384156,-0.125789176,0.10594971,-0.050931995,0.034912607
strip.random,Strip random effects,clay,Clay (%),17.15555556,E,Seedbank,-0.00362278,0.0680425,-0.110885927,0.106260004,-0.044764792,0.037882689
strip.random,Strip random effects,clay,Clay (%),17.15555556,R,Reference,-0.073684234,0.083193655,-0.203365154,0.060222598,-0.119252138,-0.024471807
strip.plot.random,Strip and plot random effects,clay,Clay (%),17.15555556,A,Balled-and-burlapped,0.012615386,0.067490252,-0.095649347,0.118575307,-0.025911114,0.054429762
strip.plot.random,Strip and plot random effects,clay,Clay (%),17.15555556,B,Bareroot,0.028565798,0.091997603,-0.118564215,0.175175462,-0.02727448,0.082689868
strip.plot.random,Strip and plot random effects,clay,Clay (%),17.15555556,C,Seedling,-0.041457186,0.092569139,-0.186839095,0.106965078,-0.094386743,0.016285961
strip.plot.random,Strip and plot random effects,clay,Clay (%),17.15555556,D,Acorn,-0.007638436,0.0958651,-0.159637801,0.143996941,-0.065895105,0.047929366
strip.plot.random,Strip and plot random effects,clay,Clay (%),17.15555556,E,Seedbank,-0.001663831,0.092963121,-0.149704787,0.146559551,-0.059555956,0.051046043
strip.plot.random,Strip and plot random effects,clay,Clay (%),17.15555556,R,Reference,-0.073449196,0.103977039,-0.241428439,0.086110558,-0.134020724,-0.013329839
simple,Fixed effects only,ph,pH,7.636666667,A,Balled-and-burlapped,0.007325058,0.005444011,-0.001568952,0.016267,0.00360497,0.010958064
simple,Fixed effects only,ph,pH,7.636666667,B,Bareroot,0.006091825,0.007667805,-0.006433908,0.018834871,0.000863695,0.01104513
simple,Fixed effects only,ph,pH,7.636666667,C,Seedling,-0.005159427,0.007724971,-0.018234237,0.007193198,-0.010338064,-5.66E-05
simple,Fixed effects only,ph,pH,7.636666667,D,Acorn,-0.007805032,0.007693794,-0.020671518,0.004641313,-0.012438752,-0.002173442
simple,Fixed effects only,ph,pH,7.636666667,E,Seedbank,-0.012165709,0.007757896,-0.025316164,0.000194907,-0.017107189,-0.006751558
simple,Fixed effects only,ph,pH,7.636666667,R,Reference,-0.025411825,0.007791045,-0.037536821,-0.011961375,-0.030760754,-0.020320794
strip.random,Strip random effects,ph,pH,7.636666667,A,Balled-and-burlapped,0.007172973,0.006846169,-0.003544704,0.018464597,0.003020489,0.011689772
strip.random,Strip random effects,ph,pH,7.636666667,B,Bareroot,0.006239106,0.009320016,-0.008749917,0.021302525,0.000729634,0.012608799
strip.random,Strip random effects,ph,pH,7.636666667,C,Seedling,-0.005051605,0.009404869,-0.020599738,0.009780851,-0.011315604,0.000723429
strip.random,Strip random effects,ph,pH,7.636666667,D,Acorn,-0.007904934,0.00967102,-0.023029705,0.008184161,-0.014026579,-0.001828719
strip.random,Strip random effects,ph,pH,7.636666667,E,Seedbank,-0.012018702,0.009328206,-0.026528412,0.003500652,-0.018528662,-0.006549401
strip.random,Strip random effects,ph,pH,7.636666667,R,Reference,-0.025203659,0.010465378,-0.041644289,-0.008316731,-0.03131572,-0.018433539
strip.plot.random,Strip and plot random effects,ph,pH,7.636666667,A,Balled-and-burlapped,0.007242865,0.007582823,-0.005527566,0.018994919,0.002720173,0.0122217
strip.plot.random,Strip and plot random effects,ph,pH,7.636666667,B,Bareroot,0.006139932,0.010371655,-0.010718161,0.022628815,-0.000702723,0.012476691
strip.plot.random,Strip and plot random effects,ph,pH,7.636666667,C,Seedling,-0.00507846,0.010480367,-0.0214895,0.012363278,-0.012179408,0.001139734
strip.plot.random,Strip and plot random effects,ph,pH,7.636666667,D,Acorn,-0.007894676,0.010814554,-0.025016789,0.009709521,-0.014523295,-0.001083794
strip.plot.random,Strip and plot random effects,ph,pH,7.636666667,E,Seedbank,-0.012176598,0.010417291,-0.029294751,0.004566506,-0.018424996,-0.005225773
strip.plot.random,Strip and plot random effects,ph,pH,7.636666667,R,Reference,-0.025383143,0.011585058,-0.043654989,-0.006919654,-0.032775921,-0.018704064
simple,Fixed effects only,p,P (ppm),106.2333333,A,Balled-and-burlapped,0.045460157,0.032467154,-0.005873699,0.100638724,0.026197367,0.069802562
simple,Fixed effects only,p,P (ppm),106.2333333,B,Bareroot,0.03074627,0.045319401,-0.042361113,0.106923456,0.000555464,0.060894498
simple,Fixed effects only,p,P (ppm),106.2333333,C,Seedling,-0.00298001,0.046039207,-0.080019149,0.071419827,-0.032341622,0.029282761
simple,Fixed effects only,p,P (ppm),106.2333333,D,Acorn,-0.002467256,0.045996993,-0.078931233,0.071456674,-0.036517028,0.025434688
simple,Fixed effects only,p,P (ppm),106.2333333,E,Seedbank,-0.033633845,0.046723213,-0.109090899,0.044664217,-0.065279151,-0.002951374
simple,Fixed effects only,p,P (ppm),106.2333333,R,Reference,-0.31383704,0.054941136,-0.402292532,-0.221318849,-0.348944928,-0.276363547
strip.random,Strip random effects,p,P (ppm),106.2333333,A,Balled-and-burlapped,0.042855749,0.04616856,-0.031381621,0.115400126,0.01860909,0.074735361
strip.random,Strip random effects,p,P (ppm),106.2333333,B,Bareroot,0.032115634,0.061880863,-0.067416916,0.131340596,-0.008233842,0.068135239
strip.random,Strip random effects,p,P (ppm),106.2333333,C,Seedling,-0.001538908,0.062610916,-0.102358061,0.096534155,-0.041091099,0.036148683
strip.random,Strip random effects,p,P (ppm),106.2333333,D,Acorn,0.001054185,0.065788929,-0.105604811,0.104487547,-0.040745903,0.038918226
strip.random,Strip random effects,p,P (ppm),106.2333333,E,Seedbank,-0.031590483,0.062965007,-0.130809193,0.068755864,-0.070329781,0.007342617
strip.random,Strip random effects,p,P (ppm),106.2333333,R,Reference,-0.311661809,0.078785608,-0.439357054,-0.18857427,-0.35647772,-0.26167524
strip.plot.random,Strip and plot random effects,p,P (ppm),106.2333333,A,Balled-and-burlapped,0.042401917,0.056658007,-0.048182809,0.132174212,0.006091988,0.074316675
strip.plot.random,Strip and plot random effects,p,P (ppm),106.2333333,B,Bareroot,0.03266954,0.076432912,-0.093868793,0.152447876,-0.015119589,0.077767451
strip.plot.random,Strip and plot random effects,p,P (ppm),106.2333333,C,Seedling,-0.001335315,0.077228705,-0.12580676,0.121658669,-0.047734649,0.046497398
strip.plot.random,Strip and plot random effects,p,P (ppm),106.2333333,D,Acorn,0.001133224,0.079994349,-0.12497469,0.130473337,-0.048309772,0.048024422
strip.plot.random,Strip and plot random effects,p,P (ppm),106.2333333,E,Seedbank,-0.032317505,0.0778177,-0.154674376,0.09448956,-0.081853737,0.012018977
strip.plot.random,Strip and plot random effects,p,P (ppm),106.2333333,R,Reference,-0.312111205,0.091246024,-0.45735465,-0.168059006,-0.367102176,-0.257536405
simple,Fixed effects only,k,K (ppm),67.74444444,A,Balled-and-burlapped,-0.097613062,0.086492313,-0.23754035,0.043500958,-0.145604166,-0.031516034
simple,Fixed effects only,k,K (ppm),67.74444444,B,Bareroot,0.050209451,0.119671548,-0.146123294,0.24665109,-0.032822428,0.124600153
simple,Fixed effects only,k,K (ppm),67.74444444,C,Seedling,-0.143121729,0.132272261,-0.35779879,0.076550337,-0.221300221,-0.046655209
simple,Fixed effects only,k,K (ppm),67.74444444,D,Acorn,0.31644428,0.106539854,0.135859628,0.485274879,0.247302404,0.388014123
simple,Fixed effects only,k,K (ppm),67.74444444,E,Seedbank,0.221447426,0.110553908,0.039502138,0.402415836,0.144712919,0.291562679
simple,Fixed effects only,k,K (ppm),67.74444444,R,Reference,0.014334689,0.121360323,-0.190246014,0.208241059,-0.064294733,0.096873606
strip.random,Strip random effects,k,K (ppm),67.74444444,A,Balled-and-burlapped,-0.105420036,0.108578259,-0.284234062,0.067432331,-0.159227724,-0.023532694
strip.random,Strip random effects,k,K (ppm),67.74444444,B,Bareroot,0.056215998,0.145974653,-0.181534291,0.289406425,-0.038772854,0.146332672
strip.random,Strip random effects,k,K (ppm),67.74444444,C,Seedling,-0.139515418,0.155555543,-0.396945133,0.107815187,-0.239368315,-0.041766485
strip.random,Strip random effects,k,K (ppm),67.74444444,D,Acorn,0.318394163,0.14220564,0.089383667,0.544393697,0.22958299,0.405532986
strip.random,Strip random effects,k,K (ppm),67.74444444,E,Seedbank,0.225845526,0.139377517,-0.000206187,0.447137145,0.133222027,0.308263363
strip.random,Strip random effects,k,K (ppm),67.74444444,R,Reference,0.021297969,0.166248372,-0.241562158,0.285076669,-0.0830696,0.116045399
strip.plot.random,Strip and plot random effects,k,K (ppm),67.74444444,A,Balled-and-burlapped,-0.111428031,0.140767276,-0.333951153,0.113979202,-0.185494102,-0.015463046
strip.plot.random,Strip and plot random effects,k,K (ppm),67.74444444,B,Bareroot,0.055533039,0.192001321,-0.245760782,0.368439175,-0.057016488,0.173173325
strip.plot.random,Strip and plot random effects,k,K (ppm),67.74444444,C,Seedling,-0.139564328,0.199247667,-0.457083269,0.182505371,-0.267021289,-0.020851836
strip.plot.random,Strip and plot random effects,k,K (ppm),67.74444444,D,Acorn,0.322944432,0.190307846,0.019145224,0.626125631,0.195522586,0.423429089
strip.plot.random,Strip and plot random effects,k,K (ppm),67.74444444,E,Seedbank,0.228028177,0.186784328,-0.073818437,0.523357306,0.117021626,0.342058846
strip.plot.random,Strip and plot random effects,k,K (ppm),67.74444444,R,Reference,0.026405509,0.212406294,-0.311611218,0.360799769,-0.098152861,0.149599461
simple,Fixed effects only,ca,Ca (ppm),6541.288889,A,Balled-and-burlapped,0.023362184,0.027449634,-0.021388043,0.068571547,0.006349358,0.043288681
simple,Fixed effects only,ca,Ca (ppm),6541.288889,B,Bareroot,-0.042539223,0.039813957,-0.106438079,0.024465505,-0.068996205,-0.015680207
simple,Fixed effects only,ca,Ca (ppm),6541.288889,C,Seedling,-0.051289671,0.040131962,-0.11946125,0.012207018,-0.078294665,-0.024565718
simple,Fixed effects only,ca,Ca (ppm),6541.288889,D,Acorn,0.055442287,0.03796167,-0.007961787,0.116882298,0.031159156,0.08187592
simple,Fixed effects only,ca,Ca (ppm),6541.288889,E,Seedbank,-0.010128285,0.039313079,-0.075554418,0.053509303,-0.036340526,0.016246539
simple,Fixed effects only,ca,Ca (ppm),6541.288889,R,Reference,-0.106700372,0.041238798,-0.172973069,-0.037652263,-0.132822887,-0.077544077
strip.random,Strip random effects,ca,Ca (ppm),6541.288889,A,Balled-and-burlapped,0.018692338,0.043727094,-0.049876526,0.089481501,-0.002510545,0.049427097
strip.random,Strip random effects,ca,Ca (ppm),6541.288889,B,Bareroot,-0.038295814,0.058908585,-0.135954145,0.05252373,-0.076721697,-0.005410178
strip.random,Strip random effects,ca,Ca (ppm),6541.288889,C,Seedling,-0.047259016,0.058966791,-0.141899445,0.04540906,-0.084688235,-0.013166349
strip.random,Strip random effects,ca,Ca (ppm),6541.288889,D,Acorn,0.053177813,0.060755877,-0.044623388,0.150452758,0.017766081,0.089443413
strip.random,Strip random effects,ca,Ca (ppm),6541.288889,E,Seedbank,-0.006165189,0.058846261,-0.10007546,0.087482005,-0.042094452,0.028798794
strip.random,Strip random effects,ca,Ca (ppm),6541.288889,R,Reference,-0.101607032,0.071316113,-0.216695132,0.008837167,-0.141348121,-0.059405222
strip.plot.random,Strip and plot random effects,ca,Ca (ppm),6541.288889,A,Balled-and-burlapped,0.019802834,0.057005458,-0.070664182,0.11296203,-0.011327773,0.056985527
strip.plot.random,Strip and plot random effects,ca,Ca (ppm),6541.288889,B,Bareroot,-0.03981327,0.078559733,-0.164635087,0.087391318,-0.087571337,0.00785746
strip.plot.random,Strip and plot random effects,ca,Ca (ppm),6541.288889,C,Seedling,-0.049347868,0.07861811,-0.175223515,0.076979178,-0.09690539,-0.001065609
strip.plot.random,Strip and plot random effects,ca,Ca (ppm),6541.288889,D,Acorn,0.054057727,0.080325007,-0.07348573,0.184535452,0.00317457,0.098894084
strip.plot.random,Strip and plot random effects,ca,Ca (ppm),6541.288889,E,Seedbank,-0.007705576,0.078757177,-0.130976279,0.121655637,-0.054918764,0.040907591
strip.plot.random,Strip and plot random effects,ca,Ca (ppm),6541.288889,R,Reference,-0.104551176,0.087905557,-0.244217595,0.034435618,-0.160482284,-0.056507579
simple,Fixed effects only,mg,Mg (ppm),560.5888889,A,Balled-and-burlapped,-0.087339692,0.039297894,-0.15083492,-0.021924197,-0.111616795,-0.059396872
simple,Fixed effects only,mg,Mg (ppm),560.5888889,B,Bareroot,0.083013554,0.053658031,-0.002803187,0.17301693,0.051064941,0.122417183
simple,Fixed effects only,mg,Mg (ppm),560.5888889,C,Seedling,0.052117208,0.054051227,-0.036214194,0.141565769,0.014518465,0.086225536
simple,Fixed effects only,mg,Mg (ppm),560.5888889,D,Acorn,0.066330314,0.053674032,-0.019449874,0.156751371,0.031407487,0.102718959
simple,Fixed effects only,mg,Mg (ppm),560.5888889,E,Seedbank,0.024849899,0.054474951,-0.064315407,0.11423589,-0.013483236,0.059298258
simple,Fixed effects only,mg,Mg (ppm),560.5888889,R,Reference,0.263172953,0.049383597,0.182204486,0.344605848,0.231084348,0.296989684
strip.random,Strip random effects,mg,Mg (ppm),560.5888889,A,Balled-and-burlapped,-0.091264786,0.048318407,-0.167322943,-0.01310481,-0.118469934,-0.057710487
strip.random,Strip random effects,mg,Mg (ppm),560.5888889,B,Bareroot,0.085903555,0.06392015,-0.016637937,0.188547668,0.043207388,0.124573698
strip.random,Strip random effects,mg,Mg (ppm),560.5888889,C,Seedling,0.055371726,0.064798814,-0.050357194,0.158675067,0.016320637,0.098433918
strip.random,Strip random effects,mg,Mg (ppm),560.5888889,D,Acorn,0.069619683,0.06615053,-0.035095252,0.177688019,0.02524886,0.108948028
strip.random,Strip random effects,mg,Mg (ppm),560.5888889,E,Seedbank,0.028264007,0.065095177,-0.07729884,0.132318249,-0.013153092,0.06998536
strip.random,Strip random effects,mg,Mg (ppm),560.5888889,R,Reference,0.267091326,0.068376993,0.159881932,0.376083167,0.220556812,0.302662522
strip.plot.random,Strip and plot random effects,mg,Mg (ppm),560.5888889,A,Balled-and-burlapped,-0.092205794,0.055605165,-0.179858768,-0.001388025,-0.12478252,-0.055210803
strip.plot.random,Strip and plot random effects,mg,Mg (ppm),560.5888889,B,Bareroot,0.086468474,0.074758596,-0.03260047,0.208162024,0.039376397,0.133377812
strip.plot.random,Strip and plot random effects,mg,Mg (ppm),560.5888889,C,Seedling,0.055311969,0.07581616,-0.072406618,0.172140568,0.006700623,0.102321073
strip.plot.random,Strip and plot random effects,mg,Mg (ppm),560.5888889,D,Acorn,0.069704222,0.077734802,-0.055129524,0.194301467,0.017279201,0.113584752
strip.plot.random,Strip and plot random effects,mg,Mg (ppm),560.5888889,E,Seedbank,0.028251376,0.076131648,-0.093996662,0.151862857,-0.023137365,0.071932082
strip.plot.random,Strip and plot random effects,mg,Mg (ppm),560.5888889,R,Reference,0.267283569,0.079484142,0.137695834,0.390960272,0.216564035,0.311794641
simple,Fixed effects only,som.percent,SOM (%),5.616666667,A,Balled-and-burlapped,-0.091085783,0.029772157,-0.139558841,-0.041848759,-0.109643964,-0.069900209
simple,Fixed effects only,som.percent,SOM (%),5.616666667,B,Bareroot,0.082071541,0.040361785,0.015515826,0.147634014,0.055283556,0.109351281
simple,Fixed effects only,som.percent,SOM (%),5.616666667,C,Seedling,0.037995936,0.041501807,-0.030469237,0.105748582,0.011305282,0.066875021
simple,Fixed effects only,som.percent,SOM (%),5.616666667,D,Acorn,0.072533194,0.040322674,0.006575572,0.139513917,0.046112747,0.099444116
simple,Fixed effects only,som.percent,SOM (%),5.616666667,E,Seedbank,0.141627202,0.039304722,0.078238784,0.207026098,0.116421181,0.168894743
simple,Fixed effects only,som.percent,SOM (%),5.616666667,R,Reference,0.193319915,0.038669423,0.131593033,0.25923686,0.168923255,0.220218273
strip.random,Strip random effects,som.percent,SOM (%),5.616666667,A,Balled-and-burlapped,-0.098380277,0.043740347,-0.167404516,-0.028119174,-0.120780868,-0.067872278
strip.random,Strip random effects,som.percent,SOM (%),5.616666667,B,Bareroot,0.088828287,0.057368061,-0.002288184,0.180524399,0.049682391,0.119498532
strip.random,Strip random effects,som.percent,SOM (%),5.616666667,C,Seedling,0.045005286,0.058125457,-0.048071838,0.137276423,0.006959659,0.077834815
strip.random,Strip random effects,som.percent,SOM (%),5.616666667,D,Acorn,0.078468573,0.06069808,-0.017048865,0.175209261,0.038128886,0.111045234
strip.random,Strip random effects,som.percent,SOM (%),5.616666667,E,Seedbank,0.148195979,0.0563872,0.057283886,0.237826577,0.109225984,0.177901198
strip.random,Strip random effects,som.percent,SOM (%),5.616666667,R,Reference,0.200256585,0.066147841,0.097692848,0.307608566,0.159775938,0.235433425
strip.plot.random,Strip and plot random effects,som.percent,SOM (%),5.616666667,A,Balled-and-burlapped,-0.097101892,0.046211484,-0.172394371,-0.023805608,-0.121459181,-0.064710841
strip.plot.random,Strip and plot random effects,som.percent,SOM (%),5.616666667,B,Bareroot,0.087320193,0.061164808,-0.009524725,0.187217941,0.048085869,0.12378494
strip.plot.random,Strip and plot random effects,som.percent,SOM (%),5.616666667,C,Seedling,0.0433789,0.06229391,-0.056631456,0.14252617,0.004107001,0.080091514
strip.plot.random,Strip and plot random effects,som.percent,SOM (%),5.616666667,D,Acorn,0.076716456,0.063950936,-0.026547595,0.177420358,0.036473621,0.115041424
strip.plot.random,Strip and plot random effects,som.percent,SOM (%),5.616666667,E,Seedbank,0.146718805,0.060557485,0.047975074,0.243207637,0.10853868,0.182818242
strip.plot.random,Strip and plot random effects,som.percent,SOM (%),5.616666667,R,Reference,0.199200081,0.069550125,0.090432824,0.309209428,0.156296331,0.237200426
simple,Fixed effects only,no3.n,NO3-N (ppm),9.31,A,Balled-and-burlapped,0.043471584,0.078846532,-0.082325904,0.174692507,0.000687229,0.10475444
simple,Fixed effects only,no3.n,NO3-N (ppm),9.31,B,Bareroot,-0.282613359,0.130690215,-0.495967794,-0.065986528,-0.358393847,-0.186743995
simple,Fixed effects only,no3.n,NO3-N (ppm),9.31,C,Seedling,-0.185548631,0.124026073,-0.38862616,0.016088558,-0.265449698,-0.101512788
simple,Fixed effects only,no3.n,NO3-N (ppm),9.31,D,Acorn,0.114276078,0.105665246,-0.060274532,0.285078004,0.044460498,0.185021632
simple,Fixed effects only,no3.n,NO3-N (ppm),9.31,E,Seedbank,-0.050705842,0.114706017,-0.240204523,0.135864506,-0.126545696,0.025274749
simple,Fixed effects only,no3.n,NO3-N (ppm),9.31,R,Reference,0.028070062,0.109905339,-0.152834185,0.207687933,-0.043593341,0.101852287
strip.random,Strip random effects,no3.n,NO3-N (ppm),9.31,A,Balled-and-burlapped,0.041448112,0.100891247,-0.119485815,0.201195011,-0.008847939,0.115654078
strip.random,Strip random effects,no3.n,NO3-N (ppm),9.31,B,Bareroot,-0.285688456,0.155479914,-0.53804691,-0.035538737,-0.377433299,-0.178025847
strip.random,Strip random effects,no3.n,NO3-N (ppm),9.31,C,Seedling,-0.187161741,0.146384383,-0.417958407,0.053862903,-0.274418127,-0.088168437
strip.random,Strip random effects,no3.n,NO3-N (ppm),9.31,D,Acorn,0.113720256,0.138276487,-0.107005418,0.333650577,0.031354553,0.200692558
strip.random,Strip random effects,no3.n,NO3-N (ppm),9.31,E,Seedbank,-0.051331036,0.139568181,-0.280954189,0.167714259,-0.137759704,0.0387387
strip.random,Strip random effects,no3.n,NO3-N (ppm),9.31,R,Reference,0.030394128,0.153689217,-0.209740504,0.27438752,-0.065025578,0.117613973
strip.plot.random,Strip and plot random effects,no3.n,NO3-N (ppm),9.31,A,Balled-and-burlapped,0.04183735,0.12347734,-0.155676044,0.237589418,-0.026575044,0.121261317
strip.plot.random,Strip and plot random effects,no3.n,NO3-N (ppm),9.31,B,Bareroot,-0.290822455,0.183131795,-0.583416223,0.007407947,-0.404619258,-0.176620396
strip.plot.random,Strip and plot random effects,no3.n,NO3-N (ppm),9.31,C,Seedling,-0.191731579,0.176669453,-0.473601244,0.09390483,-0.295914691,-0.078661903
strip.plot.random,Strip and plot random effects,no3.n,NO3-N (ppm),9.31,D,Acorn,0.1113974,0.171749319,-0.159936248,0.387834994,0.011941842,0.21740633
strip.plot.random,Strip and plot random effects,no3.n,NO3-N (ppm),9.31,E,Seedbank,-0.055014493,0.171189357,-0.327474912,0.219250228,-0.155298171,0.052526642
strip.plot.random,Strip and plot random effects,no3.n,NO3-N (ppm),9.31,R,Reference,0.025248005,0.184836002,-0.277150741,0.3103892,-0.084509834,0.131540417
simple,Fixed effects only,nh4.n,NH4-N (ppm),1.081111111,A,Balled-and-burlapped,0.052748564,0.06444468,-0.052436554,0.158561363,0.013390639,0.098796672
simple,Fixed effects only,nh4.n,NH4-N (ppm),1.081111111,B,Bareroot,-0.029895478,0.092862012,-0.183432365,0.121854857,-0.089892587,0.033221483
simple,Fixed effects only,nh4.n,NH4-N (ppm),1.081111111,C,Seedling,-0.125497123,0.097826947,-0.288800097,0.031762331,-0.187026884,-0.056598173
simple,Fixed effects only,nh4.n,NH4-N (ppm),1.081111111,D,Acorn,-0.041862698,0.093124177,-0.195712685,0.109554944,-0.102712701,0.021374222
simple,Fixed effects only,nh4.n,NH4-N (ppm),1.081111111,E,Seedbank,-0.13225867,0.098590354,-0.290393301,0.032686007,-0.193943861,-0.063496027
simple,Fixed effects only,nh4.n,NH4-N (ppm),1.081111111,R,Reference,-0.036302582,0.093700223,-0.186640527,0.120277392,-0.094630243,0.030667894
strip.random,Strip random effects,nh4.n,NH4-N (ppm),1.081111111,A,Balled-and-burlapped,0.055485097,0.082838494,-0.078727921,0.187038576,0.006230092,0.108932693
strip.random,Strip random effects,nh4.n,NH4-N (ppm),1.081111111,B,Bareroot,-0.033528344,0.114495442,-0.218699756,0.152373002,-0.105990128,0.038394025
strip.random,Strip random effects,nh4.n,NH4-N (ppm),1.081111111,C,Seedling,-0.131037143,0.11842582,-0.321533244,0.061291781,-0.209555913,-0.059481661
strip.random,Strip random effects,nh4.n,NH4-N (ppm),1.081111111,D,Acorn,-0.051053186,0.120200224,-0.243604922,0.141129716,-0.120997818,0.027814639
strip.random,Strip random effects,nh4.n,NH4-N (ppm),1.081111111,E,Seedbank,-0.137664034,0.118625013,-0.328171095,0.054802929,-0.209603744,-0.0587319
strip.random,Strip random effects,nh4.n,NH4-N (ppm),1.081111111,R,Reference,-0.039862524,0.129665176,-0.242026235,0.163791963,-0.122731874,0.033125396
strip.plot.random,Strip and plot random effects,nh4.n,NH4-N (ppm),1.081111111,A,Balled-and-burlapped,0.051673663,0.095544539,-0.103142257,0.201792621,-0.002777632,0.11456734
strip.plot.random,Strip and plot random effects,nh4.n,NH4-N (ppm),1.081111111,B,Bareroot,-0.032235314,0.132890029,-0.239998778,0.185295661,-0.117776169,0.047429414
strip.plot.random,Strip and plot random effects,nh4.n,NH4-N (ppm),1.081111111,C,Seedling,-0.12986386,0.136319309,-0.344560186,0.093847438,-0.213241432,-0.041582157
strip.plot.random,Strip and plot random effects,nh4.n,NH4-N (ppm),1.081111111,D,Acorn,-0.048220635,0.137170894,-0.261599325,0.17930332,-0.130210051,0.038193876
strip.plot.random,Strip and plot random effects,nh4.n,NH4-N (ppm),1.081111111,E,Seedbank,-0.13638742,0.136094117,-0.355889428,0.080963703,-0.207936712,-0.037964241
strip.plot.random,Strip and plot random effects,nh4.n,NH4-N (ppm),1.081111111,R,Reference,-0.036676002,0.145857881,-0.268577533,0.194854309,-0.123155724,0.052183272
simple,Fixed effects only,cec,CEC (meq/100 g),37.56333333,A,Balled-and-burlapped,0.009026777,0.026013267,-0.035993506,0.049803072,-0.007796919,0.026735932
simple,Fixed effects only,cec,CEC (meq/100 g),37.56333333,B,Bareroot,-0.026476129,0.037198246,-0.086036803,0.035963549,-0.052483876,-0.002743866
simple,Fixed effects only,cec,CEC (meq/100 g),37.56333333,C,Seedling,-0.038995275,0.037338774,-0.100724195,0.0227902,-0.063718578,-0.013888716
simple,Fixed effects only,cec,CEC (meq/100 g),37.56333333,D,Acorn,0.058643122,0.035700882,0.000606819,0.117683889,0.036163731,0.084145014
simple,Fixed effects only,cec,CEC (meq/100 g),37.56333333,E,Seedbank,-0.004382052,0.036832598,-0.063378363,0.057286768,-0.028609877,0.020511442
simple,Fixed effects only,cec,CEC (meq/100 g),37.56333333,R,Reference,-0.053598706,0.037557243,-0.112244408,0.011015284,-0.077172475,-0.026697653
strip.random,Strip random effects,cec,CEC (meq/100 g),37.56333333,A,Balled-and-burlapped,0.004289365,0.040263332,-0.060005231,0.067075851,-0.017035781,0.03036237
strip.random,Strip random effects,cec,CEC (meq/100 g),37.56333333,B,Bareroot,-0.022419975,0.054385154,-0.109891316,0.062495387,-0.05888643,0.006744041
strip.random,Strip random effects,cec,CEC (meq/100 g),37.56333333,C,Seedling,-0.034479755,0.054400831,-0.12159844,0.052934259,-0.070606934,-0.004419941
strip.random,Strip random effects,cec,CEC (meq/100 g),37.56333333,D,Acorn,0.057377952,0.056775337,-0.029727243,0.149998997,0.024427745,0.091483987
strip.random,Strip random effects,cec,CEC (meq/100 g),37.56333333,E,Seedbank,-0.000283054,0.053840715,-0.087960973,0.083600574,-0.035733969,0.029301158
strip.random,Strip random effects,cec,CEC (meq/100 g),37.56333333,R,Reference,-0.049423348,0.065139011,-0.150208924,0.055645985,-0.092144012,-0.017872275
strip.plot.random,Strip and plot random effects,cec,CEC (meq/100 g),37.56333333,A,Balled-and-burlapped,0.005811319,0.048953538,-0.074832752,0.083538606,-0.021772799,0.037039655
strip.plot.random,Strip and plot random effects,cec,CEC (meq/100 g),37.56333333,B,Bareroot,-0.024506246,0.067120798,-0.131748888,0.083556207,-0.066390326,0.015196242
strip.plot.random,Strip and plot random effects,cec,CEC (meq/100 g),37.56333333,C,Seedling,-0.036694677,0.067082616,-0.142906061,0.072547187,-0.077450054,0.004067007
strip.plot.random,Strip and plot random effects,cec,CEC (meq/100 g),37.56333333,D,Acorn,0.057628598,0.069102496,-0.053482492,0.167717202,0.015739346,0.098492732
strip.plot.random,Strip and plot random effects,cec,CEC (meq/100 g),37.56333333,E,Seedbank,-0.001854902,0.066494428,-0.109283549,0.105299173,-0.042000322,0.039296956
strip.plot.random,Strip and plot random effects,cec,CEC (meq/100 g),37.56333333,R,Reference,-0.051483907,0.074979728,-0.17312703,0.066794474,-0.096364507,-0.007600283
simple,Fixed effects only,k.meq,K (meq/100 g),0.168888889,A,Balled-and-burlapped,-0.067664318,0.09990417,-0.226058762,0.099153241,-0.122403678,0.007475226
simple,Fixed effects only,k.meq,K (meq/100 g),0.168888889,B,Bareroot,-0.044917802,0.14487893,-0.283798026,0.190892084,-0.136902876,0.053872593
simple,Fixed effects only,k.meq,K (meq/100 g),0.168888889,C,Seedling,-0.360808014,0.177578271,-0.647682242,-0.068711161,-0.46710513,-0.236223507
simple,Fixed effects only,k.meq,K (meq/100 g),0.168888889,D,Acorn,0.384101005,0.121312601,0.183508747,0.581756808,0.292884426,0.452246763
simple,Fixed effects only,k.meq,K (meq/100 g),0.168888889,E,Seedbank,0.293253709,0.124718031,0.086248486,0.494115479,0.210829944,0.375475974
simple,Fixed effects only,k.meq,K (meq/100 g),0.168888889,R,Reference,-0.139690871,0.153535745,-0.393129576,0.110104637,-0.240611915,-0.039025852
strip.random,Strip random effects,k.meq,K (meq/100 g),0.168888889,A,Balled-and-burlapped,-0.077926923,0.124550539,-0.273273469,0.122276009,-0.144093724,0.009253783
strip.random,Strip random effects,k.meq,K (meq/100 g),0.168888889,B,Bareroot,-0.038715209,0.174576406,-0.327405667,0.233939548,-0.149300926,0.070764732
strip.random,Strip random effects,k.meq,K (meq/100 g),0.168888889,C,Seedling,-0.355968516,0.201589295,-0.679837119,-0.025659417,-0.469022149,-0.210412592
strip.random,Strip random effects,k.meq,K (meq/100 g),0.168888889,D,Acorn,0.394596778,0.160351467,0.143557642,0.647761624,0.282604294,0.478224238
strip.random,Strip random effects,k.meq,K (meq/100 g),0.168888889,E,Seedbank,0.298947114,0.157240928,0.044895098,0.54534737,0.197501284,0.392295464
strip.random,Strip random effects,k.meq,K (meq/100 g),0.168888889,R,Reference,-0.12930582,0.199036756,-0.455809672,0.177992556,-0.250544684,-0.007774431
strip.plot.random,Strip and plot random effects,k.meq,K (meq/100 g),0.168888889,A,Balled-and-burlapped,-0.083550868,0.15149744,-0.321597771,0.15044915,-0.162477347,0.018933011
strip.plot.random,Strip and plot random effects,k.meq,K (meq/100 g),0.168888889,B,Bareroot,-0.036998124,0.205368978,-0.370045415,0.288919665,-0.166019891,0.086988731
strip.plot.random,Strip and plot random effects,k.meq,K (meq/100 g),0.168888889,C,Seedling,-0.357549633,0.233407837,-0.726925708,0.019242616,-0.48896195,-0.202375386
strip.plot.random,Strip and plot random effects,k.meq,K (meq/100 g),0.168888889,D,Acorn,0.395458717,0.202675883,0.083235516,0.710731391,0.275978136,0.508994682
strip.plot.random,Strip and plot random effects,k.meq,K (meq/100 g),0.168888889,E,Seedbank,0.301036113,0.19424166,-0.003843916,0.610991151,0.177660131,0.410770613
strip.plot.random,Strip and plot random effects,k.meq,K (meq/100 g),0.168888889,R,Reference,-0.12166357,0.228124976,-0.49558722,0.228983559,-0.270083866,0.005100903
simple,Fixed effects only,ca.meq,Ca (meq/100 g),32.71222222,A,Balled-and-burlapped,0.02304179,0.027531494,-0.022119885,0.068576654,0.006321621,0.04296842
simple,Fixed effects only,ca.meq,Ca (meq/100 g),32.71222222,B,Bareroot,-0.042166882,0.039708693,-0.106705669,0.024188205,-0.065715022,-0.012669282
simple,Fixed effects only,ca.meq,Ca (meq/100 g),32.71222222,C,Seedling,-0.050575214,0.040102032,-0.118212117,0.014287202,-0.075629805,-0.02200105
simple,Fixed effects only,ca.meq,Ca (meq/100 g),32.71222222,D,Acorn,0.055559635,0.038121667,-0.007809275,0.117165813,0.029581258,0.080341603
simple,Fixed effects only,ca.meq,Ca (meq/100 g),32.71222222,E,Seedbank,-0.00924976,0.039479971,-0.073596872,0.05551761,-0.032698696,0.020276566
simple,Fixed effects only,ca.meq,Ca (meq/100 g),32.71222222,R,Reference,-0.106400337,0.041485001,-0.171774821,-0.035570481,-0.133424943,-0.077544708
strip.random,Strip random effects,ca.meq,Ca (meq/100 g),32.71222222,A,Balled-and-burlapped,0.01921654,0.043112562,-0.048914793,0.087820611,-0.00350318,0.047655623
strip.random,Strip random effects,ca.meq,Ca (meq/100 g),32.71222222,B,Bareroot,-0.039371154,0.058465784,-0.131191462,0.054358499,-0.075864241,-0.004832469
strip.random,Strip random effects,ca.meq,Ca (meq/100 g),32.71222222,C,Seedling,-0.047504416,0.058150417,-0.141335136,0.043768349,-0.084851114,-0.013708419
strip.random,Strip random effects,ca.meq,Ca (meq/100 g),32.71222222,D,Acorn,0.052216084,0.060525346,-0.042649067,0.150227697,0.01892522,0.090571121
strip.random,Strip random effects,ca.meq,Ca (meq/100 g),32.71222222,E,Seedbank,-0.00585128,0.057942022,-0.099501326,0.08557544,-0.045180105,0.024961588
strip.random,Strip random effects,ca.meq,Ca (meq/100 g),32.71222222,R,Reference,-0.103029968,0.070950128,-0.216900838,0.006937329,-0.141552021,-0.060585518
strip.plot.random,Strip and plot random effects,ca.meq,Ca (meq/100 g),32.71222222,A,Balled-and-burlapped,0.019617725,0.056861018,-0.069995118,0.112968026,-0.013900675,0.05443097
strip.plot.random,Strip and plot random effects,ca.meq,Ca (meq/100 g),32.71222222,B,Bareroot,-0.040138844,0.078139171,-0.166045607,0.086550483,-0.08932638,0.006197274
strip.plot.random,Strip and plot random effects,ca.meq,Ca (meq/100 g),32.71222222,C,Seedling,-0.048721219,0.078446097,-0.174831979,0.077589543,-0.09699273,-0.001248768
strip.plot.random,Strip and plot random effects,ca.meq,Ca (meq/100 g),32.71222222,D,Acorn,0.053173294,0.079676903,-0.074216926,0.182700907,0.003005257,0.098763454
strip.plot.random,Strip and plot random effects,ca.meq,Ca (meq/100 g),32.71222222,E,Seedbank,-0.007105675,0.078101873,-0.132424524,0.118164604,-0.056348347,0.038711338
strip.plot.random,Strip and plot random effects,ca.meq,Ca (meq/100 g),32.71222222,R,Reference,-0.104272405,0.086855693,-0.244180947,0.033488904,-0.159584056,-0.05574761
simple,Fixed effects only,mg.meq,Mg (meq/100 g),4.677777778,A,Balled-and-burlapped,-0.086236255,0.03934354,-0.151006148,-0.022603777,-0.110814654,-0.058045013
simple,Fixed effects only,mg.meq,Mg (meq/100 g),4.677777778,B,Bareroot,0.080355952,0.053350145,-0.008913924,0.16603991,0.045121319,0.116087236
simple,Fixed effects only,mg.meq,Mg (meq/100 g),4.677777778,C,Seedling,0.049898328,0.054580221,-0.040543572,0.138381971,0.014559476,0.087407734
simple,Fixed effects only,mg.meq,Mg (meq/100 g),4.677777778,D,Acorn,0.064533534,0.054062684,-0.026788769,0.150386829,0.026067771,0.097987719
simple,Fixed effects only,mg.meq,Mg (meq/100 g),4.677777778,E,Seedbank,0.025747797,0.054699767,-0.063334575,0.115724367,-0.010594726,0.06203457
simple,Fixed effects only,mg.meq,Mg (meq/100 g),4.677777778,R,Reference,0.262323113,0.049687859,0.18051253,0.343643035,0.228713186,0.295325074
strip.random,Strip random effects,mg.meq,Mg (meq/100 g),4.677777778,A,Balled-and-burlapped,-0.091236724,0.048519997,-0.170446842,-0.013950609,-0.117987482,-0.056581262
strip.random,Strip random effects,mg.meq,Mg (meq/100 g),4.677777778,B,Bareroot,0.084616356,0.064526858,-0.018867428,0.189541599,0.040596536,0.122891372
strip.random,Strip random effects,mg.meq,Mg (meq/100 g),4.677777778,C,Seedling,0.054323336,0.065033171,-0.051220687,0.159186502,0.01108186,0.094557639
strip.random,Strip random effects,mg.meq,Mg (meq/100 g),4.677777778,D,Acorn,0.068932987,0.066557603,-0.034378132,0.179044851,0.029022208,0.11370442
strip.random,Strip random effects,mg.meq,Mg (meq/100 g),4.677777778,E,Seedbank,0.030235323,0.066195077,-0.079537405,0.134381737,-0.014643003,0.069958481
strip.random,Strip random effects,mg.meq,Mg (meq/100 g),4.677777778,R,Reference,0.26773238,0.068312419,0.156156489,0.372796319,0.224815095,0.308431976
strip.plot.random,Strip and plot random effects,mg.meq,Mg (meq/100 g),4.677777778,A,Balled-and-burlapped,-0.091227358,0.056263464,-0.181536347,-0.001255421,-0.120145064,-0.049537152
strip.plot.random,Strip and plot random effects,mg.meq,Mg (meq/100 g),4.677777778,B,Bareroot,0.083813725,0.075853291,-0.041439038,0.20402732,0.034684066,0.129324701
strip.plot.random,Strip and plot random effects,mg.meq,Mg (meq/100 g),4.677777778,C,Seedling,0.05349511,0.076288093,-0.067542088,0.179905995,0.005044296,0.100571956
strip.plot.random,Strip and plot random effects,mg.meq,Mg (meq/100 g),4.677777778,D,Acorn,0.068288531,0.07849322,-0.059009063,0.191675154,0.020500612,0.117859561
strip.plot.random,Strip and plot random effects,mg.meq,Mg (meq/100 g),4.677777778,E,Seedbank,0.029432627,0.076821523,-0.09670568,0.151167671,-0.018913305,0.078062583
strip.plot.random,Strip and plot random effects,mg.meq,Mg (meq/100 g),4.677777778,R,Reference,0.26696087,0.0810054,0.140424709,0.397878886,0.21618051,0.313436454
simple,Fixed effects only,poc.percent,POC (%),0.579033444,A,Balled-and-burlapped,-0.138797323,0.089292301,-0.287117249,0.005155248,-0.188598533,-0.071645598
simple,Fixed effects only,poc.percent,POC (%),0.579033444,B,Bareroot,0.21561281,0.11436907,0.032675481,0.408623274,0.138483033,0.289470089
simple,Fixed effects only,poc.percent,POC (%),0.579033444,C,Seedling,-0.067740326,0.131529506,-0.282461397,0.147506883,-0.146364305,0.027488047
simple,Fixed effects only,poc.percent,POC (%),0.579033444,D,Acorn,0.208721221,0.114821443,0.02186987,0.398866885,0.131488215,0.283324621
simple,Fixed effects only,poc.percent,POC (%),0.579033444,E,Seedbank,0.237597298,0.113249246,0.057400759,0.429220355,0.157516622,0.307750044
simple,Fixed effects only,poc.percent,POC (%),0.579033444,R,Reference,0.14398391,0.118297694,-0.048152323,0.339860794,0.061510541,0.21760723
strip.random,Strip random effects,poc.percent,POC (%),0.579033444,A,Balled-and-burlapped,-0.162815922,0.184416186,-0.465825637,0.128679011,-0.26319476,-0.044349333
strip.random,Strip random effects,poc.percent,POC (%),0.579033444,B,Bareroot,0.231915678,0.234989466,-0.148539228,0.607584282,0.082395311,0.361793386
strip.random,Strip random effects,poc.percent,POC (%),0.579033444,C,Seedling,-0.054873851,0.244079771,-0.456575286,0.331065936,-0.200084829,0.094132643
strip.random,Strip random effects,poc.percent,POC (%),0.579033444,D,Acorn,0.196566207,0.254815434,-0.208327851,0.610407409,0.044746518,0.345882191
strip.random,Strip random effects,poc.percent,POC (%),0.579033444,E,Seedbank,0.251608632,0.235467914,-0.122186591,0.634598831,0.103055793,0.380416142
strip.random,Strip random effects,poc.percent,POC (%),0.579033444,R,Reference,0.167413672,0.302480843,-0.309102457,0.65940319,-0.004657371,0.341064926
strip.plot.random,Strip and plot random effects,poc.percent,POC (%),0.579033444,A,Balled-and-burlapped,-0.160531189,0.183534802,-0.457108949,0.130685803,-0.259054642,-0.043590768
strip.plot.random,Strip and plot random effects,poc.percent,POC (%),0.579033444,B,Bareroot,0.228796437,0.236037723,-0.142700232,0.612290092,0.077757146,0.357673224
strip.plot.random,Strip and plot random effects,poc.percent,POC (%),0.579033444,C,Seedling,-0.057614838,0.242613724,-0.453051429,0.325778377,-0.19890504,0.09199079
strip.plot.random,Strip and plot random effects,poc.percent,POC (%),0.579033444,D,Acorn,0.200843214,0.25232439,-0.20428963,0.604366837,0.050027341,0.344162199
strip.plot.random,Strip and plot random effects,poc.percent,POC (%),0.579033444,E,Seedbank,0.247443897,0.236774554,-0.130049722,0.628794514,0.108789984,0.389288109
strip.plot.random,Strip and plot random effects,poc.percent,POC (%),0.579033444,R,Reference,0.164483663,0.297080069,-0.296472861,0.642378981,-0.000501532,0.333339286
simple,Fixed effects only,g475mm,>= 4.75 mm,7.48076142,A,Balled-and-burlapped,-0.146784718,0.131445386,-0.354800294,0.071088987,-0.205763462,-0.036026939
simple,Fixed effects only,g475mm,>= 4.75 mm,7.48076142,B,Bareroot,0.01033695,0.185026953,-0.302197844,0.306113505,-0.112641633,0.128831493
simple,Fixed effects only,g475mm,>= 4.75 mm,7.48076142,C,Seedling,-0.039178454,0.189182792,-0.352635504,0.265948909,-0.169508252,0.079186213
simple,Fixed effects only,g475mm,>= 4.75 mm,7.48076142,D,Acorn,0.330324057,0.160787587,0.062633372,0.587320857,0.216476574,0.427484563
simple,Fixed effects only,g475mm,>= 4.75 mm,7.48076142,E,Seedbank,0.513985384,0.151879473,0.259610539,0.756741879,0.401929184,0.599977189
simple,Fixed effects only,g475mm,>= 4.75 mm,7.48076142,R,Reference,-0.259331993,0.216910297,-0.616051301,0.091476779,-0.385048844,-0.102948621
strip.random,Strip random effects,g475mm,>= 4.75 mm,7.48076142,A,Balled-and-burlapped,-0.152514662,0.155253994,-0.397050306,0.10003164,-0.232790577,-0.036466476
strip.random,Strip random effects,g475mm,>= 4.75 mm,7.48076142,B,Bareroot,0.012138607,0.212561862,-0.327818574,0.365061037,-0.119142178,0.151303331
strip.random,Strip random effects,g475mm,>= 4.75 mm,7.48076142,C,Seedling,-0.040376614,0.216898721,-0.401125457,0.302161213,-0.183144794,0.094552241
strip.random,Strip random effects,g475mm,>= 4.75 mm,7.48076142,D,Acorn,0.336528984,0.197728747,0.026038689,0.665991859,0.198492732,0.445622402
strip.random,Strip random effects,g475mm,>= 4.75 mm,7.48076142,E,Seedbank,0.514647204,0.184011071,0.224905799,0.817170588,0.387356384,0.620025771
strip.random,Strip random effects,g475mm,>= 4.75 mm,7.48076142,R,Reference,-0.253881938,0.257868851,-0.673623209,0.158426201,-0.409087934,-0.0840719
strip.plot.random,Strip and plot random effects,g475mm,>= 4.75 mm,7.48076142,A,Balled-and-burlapped,-0.157785101,0.168812302,-0.431709466,0.107247117,-0.243368827,-0.033652118
strip.plot.random,Strip and plot random effects,g475mm,>= 4.75 mm,7.48076142,B,Bareroot,0.013061467,0.231712068,-0.358317261,0.385534888,-0.12539177,0.166844861
strip.plot.random,Strip and plot random effects,g475mm,>= 4.75 mm,7.48076142,C,Seedling,-0.041308917,0.235596757,-0.423010309,0.340095604,-0.19008889,0.108150774
strip.plot.random,Strip and plot random effects,g475mm,>= 4.75 mm,7.48076142,D,Acorn,0.337886636,0.219187689,-0.01514391,0.684584003,0.199725978,0.470988838
strip.plot.random,Strip and plot random effects,g475mm,>= 4.75 mm,7.48076142,E,Seedbank,0.516717992,0.205641114,0.180260466,0.834990132,0.377741045,0.631379599
strip.plot.random,Strip and plot random effects,g475mm,>= 4.75 mm,7.48076142,R,Reference,-0.256684813,0.278264432,-0.687321159,0.201587559,-0.417153303,-0.072508798
simple,Fixed effects only,g2mm,2-4.75 mm,25.26764998,A,Balled-and-burlapped,-0.076181612,0.055813527,-0.167370102,0.015230631,-0.110690111,-0.036439042
simple,Fixed effects only,g2mm,2-4.75 mm,25.26764998,B,Bareroot,0.030057002,0.077363169,-0.096630554,0.157860965,-0.025722368,0.077406246
simple,Fixed effects only,g2mm,2-4.75 mm,25.26764998,C,Seedling,0.115923493,0.074599868,-0.007898477,0.236940615,0.066401846,0.166389129
simple,Fixed effects only,g2mm,2-4.75 mm,25.26764998,D,Acorn,0.104770122,0.074730576,-0.01665296,0.229677922,0.052581679,0.152436421
simple,Fixed effects only,g2mm,2-4.75 mm,25.26764998,E,Seedbank,0.110802921,0.074947737,-0.011166077,0.2352889,0.057825556,0.157954315
simple,Fixed effects only,g2mm,2-4.75 mm,25.26764998,R,Reference,0.065501182,0.076524743,-0.060466931,0.191192123,0.012947836,0.11526004
strip.random,Strip random effects,g2mm,2-4.75 mm,25.26764998,A,Balled-and-burlapped,-0.066388581,0.102527361,-0.232130732,0.096069631,-0.126496673,-0.003951225
strip.random,Strip random effects,g2mm,2-4.75 mm,25.26764998,B,Bareroot,0.016817463,0.135561352,-0.201863942,0.230886384,-0.06561732,0.095835544
strip.random,Strip random effects,g2mm,2-4.75 mm,25.26764998,C,Seedling,0.102382039,0.133641739,-0.118127911,0.307730469,0.019270548,0.178091698
strip.random,Strip random effects,g2mm,2-4.75 mm,25.26764998,D,Acorn,0.113261821,0.142634323,-0.116172064,0.339390437,0.027365799,0.196166508
strip.random,Strip random effects,g2mm,2-4.75 mm,25.26764998,E,Seedbank,0.09768045,0.133024673,-0.115369293,0.312596382,0.026382254,0.185797517
strip.random,Strip random effects,g2mm,2-4.75 mm,25.26764998,R,Reference,0.054950329,0.167894435,-0.219471571,0.314989696,-0.0321981,0.160118613
strip.plot.random,Strip and plot random effects,g2mm,2-4.75 mm,25.26764998,A,Balled-and-burlapped,-0.072777658,0.11206128,-0.251702343,0.109431206,-0.14100055,-0.006145934
strip.plot.random,Strip and plot random effects,g2mm,2-4.75 mm,25.26764998,B,Bareroot,0.022364907,0.151817707,-0.222178294,0.264108589,-0.064727862,0.120052574
strip.plot.random,Strip and plot random effects,g2mm,2-4.75 mm,25.26764998,C,Seedling,0.108164176,0.150591585,-0.133742912,0.346713982,0.013485875,0.197285501
strip.plot.random,Strip and plot random effects,g2mm,2-4.75 mm,25.26764998,D,Acorn,0.108703119,0.157217042,-0.14264116,0.362077517,0.013811021,0.203688053
strip.plot.random,Strip and plot random effects,g2mm,2-4.75 mm,25.26764998,E,Seedbank,0.102023832,0.150551128,-0.132809505,0.352045827,0.018664821,0.199219095
strip.plot.random,Strip and plot random effects,g2mm,2-4.75 mm,25.26764998,R,Reference,0.058368131,0.174695837,-0.226165961,0.323882461,-0.036178115,0.166700632
simple,Fixed effects only,g250um,0.250-2 mm,48.03663983,A,Balled-and-burlapped,0.071285074,0.025490237,0.029755592,0.113579329,0.054557305,0.088399137
simple,Fixed effects only,g250um,0.250-2 mm,48.03663983,B,Bareroot,-0.02122414,0.036486898,-0.080420126,0.039318368,-0.045490113,0.003418576
simple,Fixed effects only,g250um,0.250-2 mm,48.03663983,C,Seedling,-0.03151609,0.036678985,-0.092856758,0.027835548,-0.056010271,-0.007198712
simple,Fixed effects only,g250um,0.250-2 mm,48.03663983,D,Acorn,-0.144086907,0.039020447,-0.206994022,-0.079428085,-0.170223882,-0.11816307
simple,Fixed effects only,g250um,0.250-2 mm,48.03663983,E,Seedbank,-0.18414089,0.039712631,-0.249883314,-0.119446452,-0.211393874,-0.158700111
simple,Fixed effects only,g250um,0.250-2 mm,48.03663983,R,Reference,-0.066847621,0.037184243,-0.128523962,-0.006490363,-0.090453497,-0.041021622
strip.random,Strip random effects,g250um,0.250-2 mm,48.03663983,A,Balled-and-burlapped,0.068919886,0.032057594,0.016434265,0.119066431,0.050712632,0.090972448
strip.random,Strip random effects,g250um,0.250-2 mm,48.03663983,B,Bareroot,-0.019339149,0.044068656,-0.090137289,0.051780272,-0.047184581,0.009291154
strip.random,Strip random effects,g250um,0.250-2 mm,48.03663983,C,Seedling,-0.029755185,0.044391185,-0.102143488,0.040978999,-0.061365019,-0.004885815
strip.random,Strip random effects,g250um,0.250-2 mm,48.03663983,D,Acorn,-0.142625596,0.047785972,-0.219755654,-0.066374314,-0.174237415,-0.11320614
strip.random,Strip random effects,g250um,0.250-2 mm,48.03663983,E,Seedbank,-0.182070291,0.047145356,-0.258406996,-0.106391072,-0.213534116,-0.152684216
strip.random,Strip random effects,g250um,0.250-2 mm,48.03663983,R,Reference,-0.065087575,0.050070636,-0.144334759,0.015618605,-0.095439196,-0.034133914
strip.plot.random,Strip and plot random effects,g250um,0.250-2 mm,48.03663983,A,Balled-and-burlapped,0.068816986,0.035330251,0.011482538,0.124637065,0.048754074,0.092441709
strip.plot.random,Strip and plot random effects,g250um,0.250-2 mm,48.03663983,B,Bareroot,-0.019290425,0.04851872,-0.095992786,0.060794296,-0.050917373,0.010419996
strip.plot.random,Strip and plot random effects,g250um,0.250-2 mm,48.03663983,C,Seedling,-0.029973053,0.048998039,-0.109493691,0.047898378,-0.063094847,-0.001441457
strip.plot.random,Strip and plot random effects,g250um,0.250-2 mm,48.03663983,D,Acorn,-0.142182557,0.052421267,-0.226923987,-0.058958894,-0.173260169,-0.107340957
strip.plot.random,Strip and plot random effects,g250um,0.250-2 mm,48.03663983,E,Seedbank,-0.182162142,0.051368074,-0.263612666,-0.097366634,-0.217876716,-0.152044163
strip.plot.random,Strip and plot random effects,g250um,0.250-2 mm,48.03663983,R,Reference,-0.06475927,0.054456788,-0.151789105,0.02134416,-0.09899731,-0.032752406
simple,Fixed effects only,g53um,0.053-0.250 mm,7.345892833,A,Balled-and-burlapped,0.150247137,0.07971396,0.023670081,0.284610774,0.103207658,0.208748747
simple,Fixed effects only,g53um,0.053-0.250 mm,7.345892833,B,Bareroot,-0.089679849,0.118589392,-0.284592104,0.105670327,-0.167854374,-0.010263012
simple,Fixed effects only,g53um,0.053-0.250 mm,7.345892833,C,Seedling,-0.122601924,0.120991175,-0.318946704,0.077447018,-0.20099368,-0.0400729
simple,Fixed effects only,g53um,0.053-0.250 mm,7.345892833,D,Acorn,-0.208828277,0.126231225,-0.414301475,0.00038196,-0.28411651,-0.117047575
simple,Fixed effects only,g53um,0.053-0.250 mm,7.345892833,E,Seedbank,-0.360520008,0.139247027,-0.583084243,-0.127477105,-0.440858389,-0.257535468
simple,Fixed effects only,g53um,0.053-0.250 mm,7.345892833,R,Reference,-0.238502985,0.129201607,-0.448801967,-0.026129977,-0.317392355,-0.147469048
strip.random,Strip random effects,g53um,0.053-0.250 mm,7.345892833,A,Balled-and-burlapped,0.155601517,0.120158085,-0.031625577,0.347344259,0.086191231,0.227411917
strip.random,Strip random effects,g53um,0.053-0.250 mm,7.345892833,B,Bareroot,-0.100677144,0.165600883,-0.361318075,0.161439944,-0.196075983,0.002867394
strip.random,Strip random effects,g53um,0.053-0.250 mm,7.345892833,C,Seedling,-0.135036181,0.16629851,-0.402427732,0.131006411,-0.2383175,-0.036086406
strip.random,Strip random effects,g53um,0.053-0.250 mm,7.345892833,D,Acorn,-0.233937737,0.183047119,-0.529551935,0.048845323,-0.332203643,-0.114997563
strip.random,Strip random effects,g53um,0.053-0.250 mm,7.345892833,E,Seedbank,-0.372879444,0.181794282,-0.67124847,-0.086901589,-0.470766511,-0.246661777
strip.random,Strip random effects,g53um,0.053-0.250 mm,7.345892833,R,Reference,-0.242685889,0.201297596,-0.556735069,0.072717857,-0.359201415,-0.126885747
strip.plot.random,Strip and plot random effects,g53um,0.053-0.250 mm,7.345892833,A,Balled-and-burlapped,0.14651519,0.175601471,-0.142936742,0.42188535,0.046108486,0.254026046
strip.plot.random,Strip and plot random effects,g53um,0.053-0.250 mm,7.345892833,B,Bareroot,-0.097441615,0.243790092,-0.486329273,0.295001114,-0.249614813,0.042421305
strip.plot.random,Strip and plot random effects,g53um,0.053-0.250 mm,7.345892833,C,Seedling,-0.133469668,0.243993727,-0.532820196,0.250994307,-0.274800031,0.018562888
strip.plot.random,Strip and plot random effects,g53um,0.053-0.250 mm,7.345892833,D,Acorn,-0.233217758,0.25643752,-0.652270407,0.172340056,-0.373547464,-0.067576402
strip.plot.random,Strip and plot random effects,g53um,0.053-0.250 mm,7.345892833,E,Seedbank,-0.374550577,0.254966912,-0.780411172,0.037301923,-0.515846526,-0.203541146
strip.plot.random,Strip and plot random effects,g53um,0.053-0.250 mm,7.345892833,R,Reference,-0.245050688,0.27558369,-0.684760254,0.185107394,-0.398064325,-0.07401577
simple,Fixed effects only,l53um,<0.053 mm,11.64942695,A,Balled-and-burlapped,-0.226389754,0.109876281,-0.398265058,-0.042314136,-0.288245211,-0.1432498
simple,Fixed effects only,l53um,<0.053 mm,11.64942695,B,Bareroot,0.094010553,0.148054511,-0.153767856,0.331012688,-0.005916822,0.190317127
simple,Fixed effects only,l53um,<0.053 mm,11.64942695,C,Seedling,-0.021339898,0.156446855,-0.271838699,0.237191222,-0.126820833,0.08175836
simple,Fixed effects only,l53um,<0.053 mm,11.64942695,D,Acorn,0.314970504,0.135737231,0.091263639,0.532859368,0.213213115,0.39329476
simple,Fixed effects only,l53um,<0.053 mm,11.64942695,E,Seedbank,0.37260216,0.133096039,0.152129208,0.586483379,0.277887093,0.4536439
simple,Fixed effects only,l53um,<0.053 mm,11.64942695,R,Reference,0.430762708,0.130262477,0.214308702,0.64065301,0.338962487,0.511304895
strip.random,Strip random effects,l53um,<0.053 mm,11.64942695,A,Balled-and-burlapped,-0.2404423,0.162495969,-0.504532013,0.015737022,-0.323985873,-0.127243857
strip.random,Strip random effects,l53um,<0.053 mm,11.64942695,B,Bareroot,0.100540731,0.213133083,-0.234705,0.445627527,-0.028678212,0.22898968
strip.random,Strip random effects,l53um,<0.053 mm,11.64942695,C,Seedling,-0.017729824,0.221000002,-0.372483781,0.328636647,-0.148712733,0.119115543
strip.random,Strip random effects,l53um,<0.053 mm,11.64942695,D,Acorn,0.303537646,0.220146749,-0.04360129,0.656665252,0.178216277,0.433863651
strip.random,Strip random effects,l53um,<0.053 mm,11.64942695,E,Seedbank,0.381040135,0.203997138,0.053393781,0.707167962,0.247339674,0.490988051
strip.random,Strip random effects,l53um,<0.053 mm,11.64942695,R,Reference,0.443520201,0.248246017,0.041291783,0.819956225,0.295693259,0.570389773
strip.plot.random,Strip and plot random effects,l53um,<0.053 mm,11.64942695,A,Balled-and-burlapped,-0.246640756,0.170075594,-0.516214395,0.028085554,-0.34584585,-0.139197891
strip.plot.random,Strip and plot random effects,l53um,<0.053 mm,11.64942695,B,Bareroot,0.10357216,0.223799343,-0.256172362,0.460229738,-0.042364062,0.233611187
strip.plot.random,Strip and plot random effects,l53um,<0.053 mm,11.64942695,C,Seedling,-0.012711533,0.231794336,-0.38739223,0.35916028,-0.155780858,0.12763975
strip.plot.random,Strip and plot random effects,l53um,<0.053 mm,11.64942695,D,Acorn,0.312289708,0.227805601,-0.047696116,0.676332972,0.173604452,0.446009764
strip.plot.random,Strip and plot random effects,l53um,<0.053 mm,11.64942695,E,Seedbank,0.383933255,0.21519717,0.038405518,0.732206995,0.252623544,0.513554775
strip.plot.random,Strip and plot random effects,l53um,<0.053 mm,11.64942695,R,Reference,0.447143281,0.248966674,0.062728663,0.849300316,0.294142565,0.580178144
simple,Fixed effects only,mwd,Mean-weight diameter (mm),1.884310051,A,Balled-and-burlapped,-0.042339997,0.039415115,-0.106203428,0.022831741,-0.067164999,-0.014824944
simple,Fixed effects only,mwd,Mean-weight diameter (mm),1.884310051,B,Bareroot,0.009415651,0.055818405,-0.083393266,0.099392129,-0.026704308,0.048023187
simple,Fixed effects only,mwd,Mean-weight diameter (mm),1.884310051,C,Seedling,0.034995587,0.054939512,-0.055725624,0.124476649,0.000118658,0.073345981
simple,Fixed effects only,mwd,Mean-weight diameter (mm),1.884310051,D,Acorn,0.089152741,0.05358948,0.005215032,0.180949271,0.050452136,0.121799068
simple,Fixed effects only,mwd,Mean-weight diameter (mm),1.884310051,E,Seedbank,0.137993509,0.052291568,0.050901206,0.22299311,0.103872464,0.172983528
simple,Fixed effects only,mwd,Mean-weight diameter (mm),1.884310051,R,Reference,-0.042183948,0.057308271,-0.136601376,0.050872952,-0.08343131,-0.006597332
strip.random,Strip random effects,mwd,Mean-weight diameter (mm),1.884310051,A,Balled-and-burlapped,-0.040470788,0.05909945,-0.139206327,0.050587582,-0.073398708,-0.002000032
strip.random,Strip random effects,mwd,Mean-weight diameter (mm),1.884310051,B,Bareroot,0.006527099,0.079340631,-0.118946059,0.134108079,-0.04397143,0.052757658
strip.random,Strip random effects,mwd,Mean-weight diameter (mm),1.884310051,C,Seedling,0.031880512,0.078670495,-0.09295643,0.159443151,-0.014018241,0.081650198
strip.random,Strip random effects,mwd,Mean-weight diameter (mm),1.884310051,D,Acorn,0.094533297,0.081948294,-0.03427378,0.225860715,0.042464774,0.140477611
strip.random,Strip random effects,mwd,Mean-weight diameter (mm),1.884310051,E,Seedbank,0.135617758,0.077516921,0.013816401,0.260274948,0.090244793,0.183603474
strip.random,Strip random effects,mwd,Mean-weight diameter (mm),1.884310051,R,Reference,-0.043132554,0.095748912,-0.191751698,0.110404674,-0.101105565,0.009070399
strip.plot.random,Strip and plot random effects,mwd,Mean-weight diameter (mm),1.884310051,A,Balled-and-burlapped,-0.041856552,0.067115826,-0.14781343,0.065026531,-0.080125782,-0.000462733
strip.plot.random,Strip and plot random effects,mwd,Mean-weight diameter (mm),1.884310051,B,Bareroot,0.007355235,0.090081647,-0.13283466,0.151954755,-0.047686885,0.061838065
strip.plot.random,Strip and plot random effects,mwd,Mean-weight diameter (mm),1.884310051,C,Seedling,0.032982879,0.09055661,-0.112032717,0.174578287,-0.0210023,0.088180683
strip.plot.random,Strip and plot random effects,mwd,Mean-weight diameter (mm),1.884310051,D,Acorn,0.093460519,0.093177094,-0.057870663,0.239954232,0.037073743,0.147394683
strip.plot.random,Strip and plot random effects,mwd,Mean-weight diameter (mm),1.884310051,E,Seedbank,0.136184163,0.088817778,-0.005603888,0.277774545,0.08603634,0.192373255
strip.plot.random,Strip and plot random effects,mwd,Mean-weight diameter (mm),1.884310051,R,Reference,-0.043422998,0.104069865,-0.209232038,0.118297607,-0.104052312,0.015937808
simple,Fixed effects only,tic.percent,TIC (%),0.369,A,Balled-and-burlapped,0.703159601,0.076508902,0.578472492,0.826830248,0.660077439,0.761038973
simple,Fixed effects only,tic.percent,TIC (%),0.369,B,Bareroot,-0.165497706,0.118302316,-0.362315505,0.026156622,-0.239609678,-0.083962774
simple,Fixed effects only,tic.percent,TIC (%),0.369,C,Seedling,-0.122866403,0.116386682,-0.313238654,0.066654344,-0.196043497,-0.042709767
simple,Fixed effects only,tic.percent,TIC (%),0.369,D,Acorn,-17.55896122,64.35616391,-35.43106599,-0.683608771,-2.172717314,-1.160353225
simple,Fixed effects only,tic.percent,TIC (%),0.369,E,Seedbank,-31.26270304,69.14476791,-61.53642305,-1.633504645,-15.34025914,-2.270795549
simple,Fixed effects only,tic.percent,TIC (%),0.369,R,Reference,-33.13873419,87.85857542,-60.50066791,-1.600789292,-15.08810947,-2.316735201
strip.random,Strip random effects,tic.percent,TIC (%),0.369,A,Balled-and-burlapped,0.70294736,0.226801289,0.349284883,1.054801819,0.579224999,0.81230962
strip.random,Strip random effects,tic.percent,TIC (%),0.369,B,Bareroot,-0.176697649,0.298799615,-0.646462957,0.279109724,-0.322477416,-0.005881057
strip.random,Strip random effects,tic.percent,TIC (%),0.369,C,Seedling,-0.139544132,0.301241969,-0.607498758,0.32079975,-0.279984621,0.035583725
strip.random,Strip random effects,tic.percent,TIC (%),0.369,D,Acorn,-26.06722636,148.857689,-27.96975547,-0.212907642,-2.19914485,-1.198657784
strip.random,Strip random effects,tic.percent,TIC (%),0.369,E,Seedbank,-47.12945694,282.0568739,-63.77105387,-1.76780268,-15.45561332,-2.426587193
strip.random,Strip random effects,tic.percent,TIC (%),0.369,R,Reference,-37.70041721,111.8395348,-64.07697605,-1.524088103,-15.56711355,-2.338712747
strip.plot.random,Strip and plot random effects,tic.percent,TIC (%),0.369,A,Balled-and-burlapped,0.705304141,0.445571396,-0.011966639,1.366242672,0.468839634,0.883414536
strip.plot.random,Strip and plot random effects,tic.percent,TIC (%),0.369,B,Bareroot,-0.179214131,0.608011513,-1.094151334,0.784871422,-0.4489345,0.120282829
strip.plot.random,Strip and plot random effects,tic.percent,TIC (%),0.369,C,Seedling,-0.162819425,0.605449477,-1.093448528,0.766591091,-0.411514261,0.156959483
strip.plot.random,Strip and plot random effects,tic.percent,TIC (%),0.369,D,Acorn,-3.611916791,16.68583793,-3.349443556,-0.356346873,-2.028495314,-1.168302314
strip.plot.random,Strip and plot random effects,tic.percent,TIC (%),0.369,E,Seedbank,-25.80217126,43.12054071,-52.23523981,-1.485742763,-14.92615219,-2.671680936
strip.plot.random,Strip and plot random effects,tic.percent,TIC (%),0.369,R,Reference,-31.12732647,88.60340721,-52.60650424,-1.42532226,-14.7955583,-2.656208089
simple,Fixed effects only,maoc.percent,MAOC (%),3.317744333,A,Balled-and-burlapped,-0.210705303,0.054146245,-0.297524025,-0.119719898,-0.240047084,-0.168216337
simple,Fixed effects only,maoc.percent,MAOC (%),3.317744333,B,Bareroot,0.042929648,0.074857609,-0.080907558,0.164898093,-0.009992423,0.089165122
simple,Fixed effects only,maoc.percent,MAOC (%),3.317744333,C,Seedling,0.10243431,0.072779794,-0.014671974,0.22273361,0.054237479,0.15166259
simple,Fixed effects only,maoc.percent,MAOC (%),3.317744333,D,Acorn,0.304952124,0.067310575,0.19250276,0.413730997,0.259907556,0.348672386
simple,Fixed effects only,maoc.percent,MAOC (%),3.317744333,E,Seedbank,0.335990871,0.066638354,0.224385204,0.443019863,0.28938047,0.377950236
simple,Fixed effects only,maoc.percent,MAOC (%),3.317744333,R,Reference,0.390105634,0.065489888,0.28114302,0.495198559,0.345801425,0.432988678
strip.random,Strip random effects,maoc.percent,MAOC (%),3.317744333,A,Balled-and-burlapped,-0.213484799,0.079581271,-0.343546401,-0.087550538,-0.255106043,-0.156496406
strip.random,Strip random effects,maoc.percent,MAOC (%),3.317744333,B,Bareroot,0.043251992,0.10502712,-0.126420278,0.211563204,-0.023546949,0.107846237
strip.random,Strip random effects,maoc.percent,MAOC (%),3.317744333,C,Seedling,0.103541852,0.103987245,-0.062829284,0.271009202,0.035501712,0.164684592
strip.random,Strip random effects,maoc.percent,MAOC (%),3.317744333,D,Acorn,0.329740625,0.105557158,0.159835972,0.498888697,0.257048012,0.386368609
strip.random,Strip random effects,maoc.percent,MAOC (%),3.317744333,E,Seedbank,0.337423516,0.099411142,0.174870549,0.495948829,0.273678608,0.396156351
strip.random,Strip random effects,maoc.percent,MAOC (%),3.317744333,R,Reference,0.392719769,0.119140883,0.20264707,0.581844686,0.32115703,0.461045505
strip.plot.random,Strip and plot random effects,maoc.percent,MAOC (%),3.317744333,A,Balled-and-burlapped,-0.213262854,0.083624098,-0.349248038,-0.078691306,-0.264726935,-0.160913788
strip.plot.random,Strip and plot random effects,maoc.percent,MAOC (%),3.317744333,B,Bareroot,0.042769315,0.112578813,-0.139037495,0.22421674,-0.027161924,0.113673589
strip.plot.random,Strip and plot random effects,maoc.percent,MAOC (%),3.317744333,C,Seedling,0.102873103,0.111629467,-0.085985793,0.273313317,0.037240943,0.177210783
strip.plot.random,Strip and plot random effects,maoc.percent,MAOC (%),3.317744333,D,Acorn,0.323073772,0.113489691,0.144504112,0.510311576,0.255748061,0.395259723
strip.plot.random,Strip and plot random effects,maoc.percent,MAOC (%),3.317744333,E,Seedbank,0.336824681,0.107335017,0.168941764,0.514485746,0.273680118,0.407528905
strip.plot.random,Strip and plot random effects,maoc.percent,MAOC (%),3.317744333,R,Reference,0.39046221,0.123936688,0.189485079,0.586633854,0.31970743,0.4655715
simple,Fixed effects only,poc.maoc.ratio,POC:MAOC ratio,0.181990499,A,Balled-and-burlapped,0.036363572,0.099057631,-0.124390227,0.198079409,-0.014343799,0.116786466
simple,Fixed effects only,poc.maoc.ratio,POC:MAOC ratio,0.181990499,B,Bareroot,0.166496488,0.129646087,-0.044517111,0.380280177,0.079112263,0.251123079
simple,Fixed effects only,poc.maoc.ratio,POC:MAOC ratio,0.181990499,C,Seedling,-0.120262018,0.149069077,-0.362000457,0.126114509,-0.216346716,-0.019576409
simple,Fixed effects only,poc.maoc.ratio,POC:MAOC ratio,0.181990499,D,Acorn,-0.039662876,0.142895672,-0.272858929,0.19542295,-0.131954093,0.057528213
simple,Fixed effects only,poc.maoc.ratio,POC:MAOC ratio,0.181990499,E,Seedbank,-0.107651985,0.149291184,-0.357871738,0.130206128,-0.191260313,0.00605743
simple,Fixed effects only,poc.maoc.ratio,POC:MAOC ratio,0.181990499,R,Reference,-0.268287014,0.165114505,-0.531082288,0.005868785,-0.37657597,-0.158122573
strip.random,Strip random effects,poc.maoc.ratio,POC:MAOC ratio,0.181990499,A,Balled-and-burlapped,0.005531137,0.225269743,-0.361886371,0.358991123,-0.105937014,0.156986326
strip.random,Strip random effects,poc.maoc.ratio,POC:MAOC ratio,0.181990499,B,Bareroot,0.18688523,0.292605854,-0.269985619,0.66202497,-0.002976893,0.335230511
strip.random,Strip random effects,poc.maoc.ratio,POC:MAOC ratio,0.181990499,C,Seedling,-0.110788188,0.301219529,-0.59893436,0.374881664,-0.282433257,0.068792906
strip.random,Strip random effects,poc.maoc.ratio,POC:MAOC ratio,0.181990499,D,Acorn,-0.07918449,0.324532319,-0.608529294,0.424584452,-0.242205117,0.131536512
strip.random,Strip random effects,poc.maoc.ratio,POC:MAOC ratio,0.181990499,E,Seedbank,-0.092497458,0.298170317,-0.557063773,0.397319516,-0.265468496,0.083162459
strip.random,Strip random effects,poc.maoc.ratio,POC:MAOC ratio,0.181990499,R,Reference,-0.232596683,0.387524251,-0.850559949,0.377895852,-0.453853534,-0.012394259
strip.plot.random,Strip and plot random effects,poc.maoc.ratio,POC:MAOC ratio,0.181990499,A,Balled-and-burlapped,0.010401774,0.229823764,-0.371343687,0.35433522,-0.117077491,0.150984177
strip.plot.random,Strip and plot random effects,poc.maoc.ratio,POC:MAOC ratio,0.181990499,B,Bareroot,0.178490226,0.299033292,-0.290435631,0.664688482,-0.004961119,0.345842108
strip.plot.random,Strip and plot random effects,poc.maoc.ratio,POC:MAOC ratio,0.181990499,C,Seedling,-0.121215351,0.307227774,-0.616832003,0.362481281,-0.289408855,0.073136716
strip.plot.random,Strip and plot random effects,poc.maoc.ratio,POC:MAOC ratio,0.181990499,D,Acorn,-0.071596947,0.327524135,-0.5994456,0.43693153,-0.241351088,0.143247208
strip.plot.random,Strip and plot random effects,poc.maoc.ratio,POC:MAOC ratio,0.181990499,E,Seedbank,-0.100600987,0.307314935,-0.584009811,0.395600947,-0.2750622,0.091514949
strip.plot.random,Strip and plot random effects,poc.maoc.ratio,POC:MAOC ratio,0.181990499,R,Reference,-0.250605159,0.380656352,-0.854276021,0.344369324,-0.479511736,-0.047819736
