"redo","year","plot","trt","trt.full","num","spp","genus","species","dbh","basal.area"
"N",2013,"A1","A","Balled-and-burlapped","1","Acesai","Acer","saccharinum",49.8,0.194781886
"N",2013,"A1","A","Balled-and-burlapped","1","Acesai","Acer","saccharinum",49.6,0.193220515
"N",2013,"A2","A","Balled-and-burlapped","2","Acesai","Acer","saccharinum",43,0.14522012
"N",2013,"A2","A","Balled-and-burlapped","2","Acesai","Acer","saccharinum",27.8,0.060698712
"N",2013,"A2","A","Balled-and-burlapped","2","Acesai","Acer","saccharinum",27.7,0.060262816
"N",2013,"A2","A","Balled-and-burlapped","2","Fralan","Fraxinus","lanceolata",24.8,0.048305129
"N",2013,"A2","A","Balled-and-burlapped","2","Quebic","Quercus","bicolor",19.1,0.02865211
"N",2013,"A2","A","Balled-and-burlapped","2","Acesai","Acer","saccharinum",9.3,0.006792909
"N",2013,"A2","A","Balled-and-burlapped","2","Acesai","Acer","saccharinum",5,0.001963495
"N",2013,"A3","A","Balled-and-burlapped","3","Quebic","Quercus","bicolor",22.4,0.039408138
"N",2013,"B1","B","Bareroot","1","Popdel","Populus","deltoides",42.9,0.144545463
"N",2013,"B1","B","Bareroot","1","Popdel","Populus","deltoides",41.1,0.132670243
"N",2013,"B1","B","Bareroot","1","Popdel","Populus","deltoides",41.1,0.132670243
"N",2013,"B1","B","Bareroot","1","Popdel","Populus","deltoides",36.7,0.105784493
"N",2013,"B1","B","Bareroot","1","Acesai","Acer","saccharinum",28.6,0.064242428
"N",2013,"B1","B","Bareroot","1","Fralan","Fraxinus","lanceolata",26.8,0.056410438
"N",2013,"B1","B","Bareroot","1","Fralan","Fraxinus","lanceolata",24.1,0.045616711
"N",2013,"B1","B","Bareroot","1","Fralan","Fraxinus","lanceolata",23.3,0.042638481
"N",2013,"B1","B","Bareroot","1","Acesai","Acer","saccharinum",22.2,0.038707563
"N",2013,"B1","B","Bareroot","1","Fralan","Fraxinus","lanceolata",20.5,0.033006358
"N",2013,"B1","B","Bareroot","1","Fralan","Fraxinus","lanceolata",18.2,0.026015529
"N",2013,"B1","B","Bareroot","1","Fralan","Fraxinus","lanceolata",17.8,0.024884555
"N",2013,"B1","B","Bareroot","1","Fralan","Fraxinus","lanceolata",14.8,0.017203361
"N",2013,"B1","B","Bareroot","1","Fralan","Fraxinus","lanceolata",13.2,0.013684778
"N",2013,"B1","B","Bareroot","1","Acesai","Acer","saccharinum",12.5,0.012271846
"N",2013,"B1","B","Bareroot","1","Quebic","Quercus","bicolor",11.4,0.010207035
"N",2013,"B1","B","Bareroot","1","Fralan","Fraxinus","lanceolata",9.3,0.006792909
"N",2013,"B1","B","Bareroot","1","Quebic","Quercus","bicolor",8.8,0.006082123
"N",2013,"B1","B","Bareroot","1","Fralan","Fraxinus","lanceolata",7.5,0.004417865
"N",2013,"B2","B","Bareroot","2","Popdel","Populus","deltoides",42.8,0.143872377
"N",2013,"B2","B","Bareroot","2","Popdel","Populus","deltoides",41.1,0.132670243
"N",2013,"B2","B","Bareroot","2","Acesai","Acer","saccharinum",28.1,0.062015824
"N",2013,"B2","B","Bareroot","2","Fralan","Fraxinus","lanceolata",25.5,0.051070516
"N",2013,"B2","B","Bareroot","2","Acesai","Acer","saccharinum",24.7,0.047916357
"N",2013,"B2","B","Bareroot","2","Acesai","Acer","saccharinum",24.4,0.046759465
"N",2013,"B2","B","Bareroot","2","Acesai","Acer","saccharinum",23.9,0.044862728
"N",2013,"B2","B","Bareroot","2","Acesai","Acer","saccharinum",21.6,0.036643537
"N",2013,"B2","B","Bareroot","2","Acesai","Acer","saccharinum",21.1,0.034966712
"N",2013,"B2","B","Bareroot","2","Acesai","Acer","saccharinum",19.1,0.02865211
"N",2013,"B2","B","Bareroot","2","Acesai","Acer","saccharinum",18.6,0.027171635
"N",2013,"B2","B","Bareroot","2","Acesai","Acer","saccharinum",16.6,0.021642432
"N",2013,"B2","B","Bareroot","2","Acesai","Acer","saccharinum",15.5,0.018869191
"N",2013,"B2","B","Bareroot","2","Acesai","Acer","saccharinum",14.1,0.015614501
"N",2013,"B2","B","Bareroot","2","Quebic","Quercus","bicolor",12.3,0.011882289
"N",2013,"B2","B","Bareroot","2","Acesai","Acer","saccharinum",12.2,0.011689866
"N",2013,"B2","B","Bareroot","2","Quebic","Quercus","bicolor",12,0.011309734
"N",2013,"B2","B","Bareroot","2","Quebic","Quercus","bicolor",11.5,0.010386891
"N",2013,"B2","B","Bareroot","2","Acesai","Acer","saccharinum",11.4,0.010207035
"N",2013,"B2","B","Bareroot","2","Acesai","Acer","saccharinum",10.9,0.009331316
"N",2013,"B2","B","Bareroot","2","Quebic","Quercus","bicolor",9.8,0.007542964
"N",2013,"B2","B","Bareroot","2","Quebic","Quercus","bicolor",9.3,0.006792909
"N",2013,"B2","B","Bareroot","2","Quebic","Quercus","bicolor",9.1,0.006503882
"N",2013,"B2","B","Bareroot","2","Quebic","Quercus","bicolor",9,0.006361725
"N",2013,"B2","B","Bareroot","2","Quebic","Quercus","bicolor",9,0.006361725
"N",2013,"B2","B","Bareroot","2","Acesai","Acer","saccharinum",7.5,0.004417865
"N",2013,"B2","B","Bareroot","2","Quebic","Quercus","bicolor",7,0.003848451
"N",2013,"B2","B","Bareroot","2","Acesai","Acer","saccharinum",6.9,0.003739281
"N",2013,"B2","B","Bareroot","2","Acesai","Acer","saccharinum",6.8,0.003631681
"N",2013,"B2","B","Bareroot","2","Quebic","Quercus","bicolor",6.7,0.003525652
"N",2013,"B2","B","Bareroot","2","Acesai","Acer","saccharinum",6.1,0.002922467
"N",2013,"B2","B","Bareroot","2","Acesai","Acer","saccharinum",6,0.002827433
"N",2013,"B3","B","Bareroot","3","Popdel","Populus","deltoides",33.4,0.087615878
"N",2013,"B3","B","Bareroot","3","Acesai","Acer","saccharinum",32.8,0.084496276
"N",2013,"B3","B","Bareroot","3","Acesai","Acer","saccharinum",27.8,0.060698712
"N",2013,"B3","B","Bareroot","3","Acesai","Acer","saccharinum",26.6,0.055571632
"N",2013,"B3","B","Bareroot","3","Acesai","Acer","saccharinum",25.9,0.052685294
"N",2013,"B3","B","Bareroot","3","Acesai","Acer","saccharinum",23.5,0.043373614
"N",2013,"B3","B","Bareroot","3","Acesai","Acer","saccharinum",23.5,0.043373614
"N",2013,"B3","B","Bareroot","3","Acesai","Acer","saccharinum",20.3,0.032365473
"N",2013,"B3","B","Bareroot","3","Acesai","Acer","saccharinum",20.1,0.031730871
"N",2013,"B3","B","Bareroot","3","Acesai","Acer","saccharinum",19.7,0.030480517
"N",2013,"B3","B","Bareroot","3","Acesai","Acer","saccharinum",19.5,0.029864765
"N",2013,"B3","B","Bareroot","3","Acesai","Acer","saccharinum",18.9,0.028055208
"N",2013,"B3","B","Bareroot","3","Acesai","Acer","saccharinum",18.2,0.026015529
"N",2013,"B3","B","Bareroot","3","Acesai","Acer","saccharinum",18.1,0.025730429
"N",2013,"B3","B","Bareroot","3","Acesai","Acer","saccharinum",17.7,0.024605739
"N",2013,"B3","B","Bareroot","3","Acesai","Acer","saccharinum",17.5,0.024052819
"N",2013,"B3","B","Bareroot","3","Acesai","Acer","saccharinum",17.4,0.023778715
"N",2013,"B3","B","Bareroot","3","Acesai","Acer","saccharinum",16.9,0.022431757
"N",2013,"B3","B","Bareroot","3","Acesai","Acer","saccharinum",16.8,0.022167078
"N",2013,"B3","B","Bareroot","3","Acesai","Acer","saccharinum",16.2,0.020611989
"N",2013,"B3","B","Bareroot","3","Acesai","Acer","saccharinum",14.4,0.016286016
"N",2013,"B3","B","Bareroot","3","Acesai","Acer","saccharinum",14.3,0.016060607
"N",2013,"B3","B","Bareroot","3","Quebic","Quercus","bicolor",13.4,0.014102609
"N",2013,"B3","B","Bareroot","3","Acesai","Acer","saccharinum",12.7,0.012667687
"N",2013,"B3","B","Bareroot","3","Quebic","Quercus","bicolor",12.1,0.011499015
"N",2013,"B3","B","Bareroot","3","Fralan","Fraxinus","lanceolata",12.1,0.011499015
"N",2013,"B3","B","Bareroot","3","Fralan","Fraxinus","lanceolata",11.6,0.010568318
"N",2013,"B3","B","Bareroot","3","Quebic","Quercus","bicolor",10.2,0.008171282
"N",2013,"B3","B","Bareroot","3","Acesai","Acer","saccharinum",10,0.007853982
"N",2013,"B3","B","Bareroot","3","Acesai","Acer","saccharinum",9.7,0.007389811
"N",2013,"B3","B","Bareroot","3","Quebic","Quercus","bicolor",8.3,0.005410608
"N",2013,"B3","B","Bareroot","3","Acesai","Acer","saccharinum",8.3,0.005410608
"N",2013,"B3","B","Bareroot","3","Acesai","Acer","saccharinum",8,0.005026548
"N",2013,"B3","B","Bareroot","3","Quebic","Quercus","bicolor",7.8,0.004778362
"N",2013,"B3","B","Bareroot","3","Acesai","Acer","saccharinum",7.6,0.00453646
"N",2013,"B3","B","Bareroot","3","Quebic","Quercus","bicolor",7.5,0.004417865
"N",2013,"B3","B","Bareroot","3","Quebic","Quercus","bicolor",7.4,0.00430084
"N",2013,"B3","B","Bareroot","3","Acesai","Acer","saccharinum",6.5,0.003318307
"N",2013,"B3","B","Bareroot","3","Acesai","Acer","saccharinum",5.5,0.002375829
"N",2013,"B3","B","Bareroot","3","Acesai","Acer","saccharinum",5.5,0.002375829
"N",2013,"B3","B","Bareroot","3","Acesai","Acer","saccharinum",5.4,0.002290221
"N",2013,"B3","B","Bareroot","3","Quebic","Quercus","bicolor",4.8,0.001809557
"N",2013,"B3","B","Bareroot","3","Acesai","Acer","saccharinum",2.3,0.000415476
"N",2013,"C1","C","Seedling","1","Fralan","Fraxinus","lanceolata",17,0.022698007
"N",2013,"C1","C","Seedling","1","Carill","Carya","illinoiensis",13.5,0.014313882
"N",2013,"C1","C","Seedling","1","Quemac","Quercus","macrocarpa",12.8,0.012867964
"N",2013,"C1","C","Seedling","1","Carill","Carya","illinoiensis",12.8,0.012867964
"N",2013,"C1","C","Seedling","1","Quemac","Quercus","macrocarpa",11.8,0.010935884
"N",2013,"C1","C","Seedling","1","Carill","Carya","illinoiensis",11.3,0.010028749
"N",2013,"C1","C","Seedling","1","Carill","Carya","illinoiensis",10.9,0.009331316
"N",2013,"C1","C","Seedling","1","Quemac","Quercus","macrocarpa",9.2,0.00664761
"N",2013,"C1","C","Seedling","1","Carill","Carya","illinoiensis",9,0.006361725
"N",2013,"C1","C","Seedling","1","Carill","Carya","illinoiensis",8.5,0.005674502
"N",2013,"C1","C","Seedling","1","Carill","Carya","illinoiensis",7.9,0.00490167
"N",2013,"C1","C","Seedling","1","Carill","Carya","illinoiensis",5.1,0.002042821
"N",2013,"C2","C","Seedling","2","Popdel","Populus","deltoides",44.4,0.154830252
"N",2013,"C2","C","Seedling","2","Acesai","Acer","saccharinum",41,0.132025431
"N",2013,"C2","C","Seedling","2","Acesai","Acer","saccharinum",39.8,0.124410211
"N",2013,"C2","C","Seedling","2","Acesai","Acer","saccharinum",36.1,0.102353874
"N",2013,"C2","C","Seedling","2","Popdel","Populus","deltoides",35.6,0.099538222
"N",2013,"C2","C","Seedling","2","Acesai","Acer","saccharinum",32.1,0.080928212
"N",2013,"C2","C","Seedling","2","Acesai","Acer","saccharinum",32,0.080424772
"N",2013,"C2","C","Seedling","2","Acesai","Acer","saccharinum",31.8,0.079422604
"N",2013,"C2","C","Seedling","2","Acesai","Acer","saccharinum",27.8,0.060698712
"N",2013,"C2","C","Seedling","2","Acesai","Acer","saccharinum",25.3,0.050272551
"N",2013,"C2","C","Seedling","2","Acesai","Acer","saccharinum",22.2,0.038707563
"N",2013,"C2","C","Seedling","2","Acesai","Acer","saccharinum",22.2,0.038707563
"N",2013,"C2","C","Seedling","2","Acesai","Acer","saccharinum",21.6,0.036643537
"N",2013,"C2","C","Seedling","2","Acesai","Acer","saccharinum",21,0.034636059
"N",2013,"C2","C","Seedling","2","Acesai","Acer","saccharinum",18.7,0.027464588
"N",2013,"C2","C","Seedling","2","Acesai","Acer","saccharinum",18.6,0.027171635
"N",2013,"C2","C","Seedling","2","Acesai","Acer","saccharinum",18.2,0.026015529
"N",2013,"C2","C","Seedling","2","Acesai","Acer","saccharinum",17.3,0.023506182
"N",2013,"C2","C","Seedling","2","Acesai","Acer","saccharinum",16.4,0.021124069
"N",2013,"C2","C","Seedling","2","Acesai","Acer","saccharinum",16.2,0.020611989
"N",2013,"C2","C","Seedling","2","Acesai","Acer","saccharinum",15.8,0.01960668
"N",2013,"C2","C","Seedling","2","Acesai","Acer","saccharinum",15.4,0.018626503
"N",2013,"C2","C","Seedling","2","Acesai","Acer","saccharinum",15.1,0.017907864
"N",2013,"C2","C","Seedling","2","Acesai","Acer","saccharinum",15,0.017671459
"N",2013,"C2","C","Seedling","2","Acesai","Acer","saccharinum",14.4,0.016286016
"N",2013,"C2","C","Seedling","2","Acesai","Acer","saccharinum",10.6,0.008824734
"N",2013,"C2","C","Seedling","2","Acesai","Acer","saccharinum",8.8,0.006082123
"N",2013,"C2","C","Seedling","2","Acesai","Acer","saccharinum",8.3,0.005410608
"N",2013,"C2","C","Seedling","2","Fralan","Fraxinus","lanceolata",8,0.005026548
"N",2013,"C2","C","Seedling","2","Acesai","Acer","saccharinum",8,0.005026548
"N",2013,"C2","C","Seedling","2","Acesai","Acer","saccharinum",7.2,0.004071504
"N",2013,"C2","C","Seedling","2","Acesai","Acer","saccharinum",7,0.003848451
"N",2013,"C2","C","Seedling","2","Acesai","Acer","saccharinum",7,0.003848451
"N",2013,"C2","C","Seedling","2","Acesai","Acer","saccharinum",6.3,0.003117245
"N",2013,"C3","C","Seedling","3","Acesai","Acer","saccharinum",50.1,0.197135724
"N",2013,"C3","C","Seedling","3","Popdel","Populus","deltoides",38.5,0.116415643
"N",2013,"C3","C","Seedling","3","Acesai","Acer","saccharinum",20.1,0.031730871
"N",2013,"C3","C","Seedling","3","Acesai","Acer","saccharinum",19.7,0.030480517
"N",2013,"C3","C","Seedling","3","Acesai","Acer","saccharinum",17.5,0.024052819
"N",2013,"C3","C","Seedling","3","Acesai","Acer","saccharinum",17.1,0.022965828
"N",2013,"C3","C","Seedling","3","Acesai","Acer","saccharinum",16.7,0.021903969
"N",2013,"C3","C","Seedling","3","Acesai","Acer","saccharinum",16.5,0.021382465
"N",2013,"C3","C","Seedling","3","Carill","Carya","illinoiensis",14.9,0.017436625
"N",2013,"C3","C","Seedling","3","Acesai","Acer","saccharinum",13.2,0.013684778
"N",2013,"C3","C","Seedling","3","Carill","Carya","illinoiensis",12.1,0.011499015
"N",2013,"C3","C","Seedling","3","Acesai","Acer","saccharinum",12.1,0.011499015
"N",2013,"C3","C","Seedling","3","Acesai","Acer","saccharinum",12,0.011309734
"N",2013,"C3","C","Seedling","3","Acesai","Acer","saccharinum",11.5,0.010386891
"N",2013,"C3","C","Seedling","3","Acesai","Acer","saccharinum",10.8,0.009160884
"N",2013,"C3","C","Seedling","3","Fralan","Fraxinus","lanceolata",9,0.006361725
"N",2013,"C3","C","Seedling","3","Acesai","Acer","saccharinum",8.8,0.006082123
"N",2013,"C3","C","Seedling","3","Acesai","Acer","saccharinum",6.3,0.003117245
"N",2013,"D1","D","Acorn","1","Aceneg","Acer","negundo",25.4,0.050670748
"N",2013,"D1","D","Acorn","1","Quebic","Quercus","bicolor",14.5,0.016512996
"N",2013,"D1","D","Acorn","1","Quepal","Quercus","palustris",12.9,0.013069811
"N",2013,"D1","D","Acorn","1","Quepal","Quercus","palustris",10.5,0.008659015
"N",2013,"D2","D","Acorn","2","Salnig","Salix","nigra",26.1,0.053502108
"N",2013,"D2","D","Acorn","2","Quepal","Quercus","palustris",16.9,0.022431757
"N",2013,"D2","D","Acorn","2","Salnig","Salix","nigra",10.5,0.008659015
"N",2013,"D2","D","Acorn","2","Salnig","Salix","nigra",10.5,0.008659015
"N",2013,"D2","D","Acorn","2","Salnig","Salix","nigra",7.6,0.00453646
"N",2013,"D2","D","Acorn","2","Salnig","Salix","nigra",5.8,0.002642079
"N",2013,"D2","D","Acorn","2","Salnig","Salix","nigra",5.8,0.002642079
"N",2013,"D2","D","Acorn","2","Salnig","Salix","nigra",5.2,0.002123717
"N",2013,"D3","D","Acorn","3","Quepal","Quercus","palustris",16.7,0.021903969
"N",2013,"D3","D","Acorn","3","Quepal","Quercus","palustris",16.3,0.020867244
"N",2013,"D3","D","Acorn","3","Quebic","Quercus","bicolor",15.3,0.018385386
"N",2013,"D3","D","Acorn","3","Quepal","Quercus","palustris",13.2,0.013684778
"N",2013,"D3","D","Acorn","3","Quebic","Quercus","bicolor",11.8,0.010935884
"N",2013,"D3","D","Acorn","3","Quebic","Quercus","bicolor",11.8,0.010935884
"N",2013,"E1","E","Seedbank","1","Salexi","Salix","exigua",7.5,0.004417865
"N",2013,"E1","E","Seedbank","1","Salexi","Salix","exigua",7,0.003848451
"N",2013,"E1","E","Seedbank","1","Salexi","Salix","exigua",6.8,0.003631681
"N",2013,"E1","E","Seedbank","1","Salexi","Salix","exigua",6.5,0.003318307
"N",2013,"E1","E","Seedbank","1","Salexi","Salix","exigua",6.4,0.003216991
"N",2013,"E1","E","Seedbank","1","Salexi","Salix","exigua",6.2,0.003019071
"N",2013,"E1","E","Seedbank","1","Salexi","Salix","exigua",5.8,0.002642079
"N",2013,"E1","E","Seedbank","1","Salexi","Salix","exigua",5.8,0.002642079
"N",2013,"E1","E","Seedbank","1","Salexi","Salix","exigua",5.7,0.002551759
"N",2013,"E1","E","Seedbank","1","Salexi","Salix","exigua",5.6,0.002463009
"N",2013,"E1","E","Seedbank","1","Salexi","Salix","exigua",5.3,0.002206183
"N",2013,"E1","E","Seedbank","1","Salexi","Salix","exigua",5.1,0.002042821
"N",2013,"E1","E","Seedbank","1","Salexi","Salix","exigua",5,0.001963495
"N",2013,"E1","E","Seedbank","1","Salexi","Salix","exigua",5,0.001963495
"N",2013,"E1","E","Seedbank","1","Salexi","Salix","exigua",5,0.001963495
"N",2013,"E1","E","Seedbank","1","Salexi","Salix","exigua",5,0.001963495
"N",2013,"E3","E","Seedbank","3","Salnig","Salix","nigra",10.9,0.009331316
"N",2013,"E3","E","Seedbank","3","Salnig","Salix","nigra",7.1,0.003959192
"N",2013,"R1","R","Reference","1","Fralan","Fraxinus","lanceolata",68.4,0.367453243
"N",2013,"R1","R","Reference","1","Acesai","Acer","saccharinum",44.4,0.154830252
"N",2013,"R1","R","Reference","1","Acesai","Acer","saccharinum",43.8,0.150673925
"N",2013,"R1","R","Reference","1","Acesai","Acer","saccharinum",42.1,0.139204756
"N",2013,"R1","R","Reference","1","Fralan","Fraxinus","lanceolata",40.1,0.12629281
"N",2013,"R1","R","Reference","1","Celocc","Celtis","occidentalis",17.3,0.023506182
"N",2013,"R1","R","Reference","1","Celocc","Celtis","occidentalis",14.4,0.016286016
"N",2013,"R1","R","Reference","1","Celocc","Celtis","occidentalis",9.1,0.006503882
"N",2013,"R2","R","Reference","2","Acesai","Acer","saccharinum",60.5,0.287475363
"N",2013,"R2","R","Reference","2","Acesai","Acer","saccharinum",40.7,0.13010042
"N",2013,"R2","R","Reference","2","Fralan","Fraxinus","lanceolata",21.2,0.035298935
"N",2013,"R2","R","Reference","2","Fralan","Fraxinus","lanceolata",20,0.031415927
"N",2013,"R2","R","Reference","2","Acesai","Acer","saccharinum",14,0.015393804
"N",2013,"R3","R","Reference","3","Fralan","Fraxinus","lanceolata",57.5,0.259672268
"N",2013,"R3","R","Reference","3","Fralan","Fraxinus","lanceolata",37.2,0.108686539
"N",2013,"R3","R","Reference","3","Fralan","Fraxinus","lanceolata",32.3,0.081939805
"N",2013,"R3","R","Reference","3","Ulmame","Ulmus","americana",14.8,0.017203361
"N",2022,"A1","A","Balled-and-burlapped","1","Plaocc","Platanus","occidentalis",38.8,0.118236981110505
"N",2022,"A1","A","Balled-and-burlapped","1","Plaocc","Platanus","occidentalis",10.6,0.00882473376393373
"N",2022,"A1","A","Balled-and-burlapped","1","Plaocc","Platanus","occidentalis",9.8,0.00754296396126909
"N",2022,"A1","A","Balled-and-burlapped","1","Plaocc","Platanus","occidentalis",27.9,0.0611361784370208
"N",2022,"A1","A","Balled-and-burlapped","1","Plaocc","Platanus","occidentalis",11.6,0.0105683176866761
"N",2022,"A1","A","Balled-and-burlapped","1","Acesai","Acer","saccharinum",69.1,0.375012700457177
"N",2022,"A2","A","Balled-and-burlapped","2","Quebic","Quercus","bicolor",31.1,0.0759644957619646
"N",2022,"A2","A","Balled-and-burlapped","2","Betnig","Betula","nigra",29.3,0.0674256469295075
"N",2022,"A2","A","Balled-and-burlapped","2","Betnig","Betula","nigra",26.5,0.0551545860245858
"N",2022,"A2","A","Balled-and-burlapped","2","Acesai","Acer","saccharinum",71,0.395919214168654
"N",2022,"A2","A","Balled-and-burlapped","2","Quepal","Quercus","palustris",20.1,0.0317308711994203
"N",2022,"A3","A","Balled-and-burlapped","3","Quebic","Quercus","bicolor",32.8,0.0844962760109511
"N",2022,"A3","A","Balled-and-burlapped","3","Acesai","Acer","saccharinum",95,0.708821842466197
"N",2022,"A3","A","Balled-and-burlapped","3","Acesai","Acer","saccharinum",20,0.0314159265358979
"N",2022,"A3","A","Balled-and-burlapped","3","Acesai","Acer","saccharinum",69.7,0.381553496361951
"N",2022,"A3","A","Balled-and-burlapped","3","Acesai","Acer","saccharinum",74.5,0.435915615639669
"N",2022,"B1","B","Bareroot","1","Acesai","Acer","saccharinum",53,0.220618344098343
"N",2022,"B1","B","Bareroot","1","Acesai","Acer","saccharinum",18.8,0.0277591126871194
"N",2022,"B1","B","Bareroot","1","Fraxpen","Fraxinus","pennsylvanica",12,0.0113097335529233
"N",2022,"B1","B","Bareroot","1","Fraxpen","Fraxinus","pennsylvanica",22,0.0380132711084365
"N",2022,"B1","B","Bareroot","1","Acesai","Acer","saccharinum",50.7,0.201885812503151
"N",2022,"B1","B","Bareroot","1","Quebic","Quercus","bicolor",17.2,0.0232352192659501
"N",2022,"B1","B","Bareroot","1","Quebic","Quercus","bicolor",11.8,0.0109358840271461
"N",2022,"B1","B","Bareroot","1","Fraxpen","Fraxinus","pennsylvanica",15.6,0.0191134497044403
"N",2022,"B1","B","Bareroot","1","Fraxpen","Fraxinus","pennsylvanica",32,0.0804247719318987
"N",2022,"B1","B","Bareroot","1","Quebic","Quercus","bicolor",16.9,0.0224317569447945
"N",2022,"B1","B","Bareroot","1","Quebic","Quercus","bicolor",18.6,0.0271716348608981
"N",2022,"B1","B","Bareroot","1","Acesai","Acer","saccharinum",37.2,0.108686539443593
"N",2022,"B1","B","Bareroot","1","Moralb","Morus","alba",23,0.041547562843725
"N",2022,"B2","B","Bareroot","2","Acesai","Acer","saccharinum",38.7,0.117628297533872
"N",2022,"B2","B","Bareroot","2","Acesai","Acer","saccharinum",11.4,0.0102070345315132
"N",2022,"B2","B","Bareroot","2","Acesai","Acer","saccharinum",38.6,0.117021184753566
"N",2022,"B2","B","Bareroot","2","Popdel","Populus","deltoides",18.4,0.026590440219984
"N",2022,"B2","B","Bareroot","2","Quepal","Quercus","palustris",8.9,0.00622113885227119
"N",2022,"B2","B","Bareroot","2","Acesai","Acer","saccharinum",29,0.0660519855417254
"N",2022,"B2","B","Bareroot","2","Acesai","Acer","saccharinum",6.7,0.00352565235549115
"N",2022,"B2","B","Bareroot","2","Acesai","Acer","saccharinum",29.6,0.0688134454842309
"N",2022,"B2","B","Bareroot","2","Acesai","Acer","saccharinum",14.3,0.0160606070433144
"N",2022,"B2","B","Bareroot","2","Quebic","Quercus","bicolor",14.5,0.0165129963854313
"N",2022,"B2","B","Bareroot","2","Acesai","Acer","saccharinum",31.2,0.0764537988177612
"N",2022,"B2","B","Bareroot","2","Acesai","Acer","saccharinum",19.3,0.0292552961883916
"N",2022,"B2","B","Bareroot","2","Acesai","Acer","saccharinum",15.4,0.0186265028431339
"N",2022,"B2","B","Bareroot","2","Acesai","Acer","saccharinum",26,0.0530929158456675
"N",2022,"B2","B","Bareroot","2","Acesai","Acer","saccharinum",17.4,0.0237787147950211
"N",2022,"B2","B","Bareroot","2","Acesai","Acer","saccharinum",7,0.0038484510006475
"N",2022,"B2","B","Bareroot","2","Acesai","Acer","saccharinum",30.9,0.0749906020393518
"N",2022,"B2","B","Bareroot","2","Acesai","Acer","saccharinum",29.5,0.0683492751696629
"N",2022,"B2","B","Bareroot","2","Acesai","Acer","saccharinum",21.1,0.0349667116326178
"N",2022,"B2","B","Bareroot","2","Acesai","Acer","saccharinum",11.2,0.00985203456165759
"N",2022,"B2","B","Bareroot","2","Fraxpen","Fraxinus","pennsylvanica",7.5,0.00441786466911065
"N",2022,"B2","B","Bareroot","2","Fraxpen","Fraxinus","pennsylvanica",5.5,0.00237582944427728
"N",2022,"B2","B","Bareroot","2","Acesai","Acer","saccharinum",20.8,0.0339794661412272
"N",2022,"B2","B","Bareroot","2","Quebic","Quercus","bicolor",6.7,0.00352565235549115
"N",2022,"B2","B","Bareroot","2","Acesai","Acer","saccharinum",21.2,0.0352989350557349
"N",2022,"B2","B","Bareroot","2","Acesai","Acer","saccharinum",32.3,0.0819398049890924
"N",2022,"B2","B","Bareroot","2","Acesai","Acer","saccharinum",32.4,0.0824479576008105
"N",2022,"B2","B","Bareroot","2","Acesai","Acer","saccharinum",8.4,0.0055417694409324
"N",2022,"B2","B","Bareroot","2","Acesai","Acer","saccharinum",11.4,0.0102070345315132
"N",2022,"B2","B","Bareroot","2","Acesai","Acer","saccharinum",32.3,0.0819398049890924
"N",2022,"B2","B","Bareroot","2","Quebic","Quercus","bicolor",11.2,0.00985203456165759
"N",2022,"B2","B","Bareroot","2","Acesai","Acer","saccharinum",17.5,0.0240528187540468
"N",2022,"B2","B","Bareroot","2","Acesai","Acer","saccharinum",35.6,0.099538221636339
"N",2022,"B2","B","Bareroot","2","Acesai","Acer","saccharinum",17.8,0.0248845554090848
"N",2022,"B3","B","Bareroot","3","Acesai","Acer","saccharinum",10,0.00785398163397448
"N",2022,"B3","B","Bareroot","3","Acesai","Acer","saccharinum",30.1,0.0711578590019722
"N",2022,"B3","B","Bareroot","3","Quebic","Quercus","bicolor",10.7,0.00899202357273739
"N",2022,"B3","B","Bareroot","3","Acesai","Acer","saccharinum",24.8,0.0483051286415967
"N",2022,"B3","B","Bareroot","3","Popdel","Populus","deltoides",22.9,0.0411870650867256
"N",2022,"B3","B","Bareroot","3","Acesai","Acer","saccharinum",41.9,0.137885286964219
"N",2022,"B3","B","Bareroot","3","Acesai","Acer","saccharinum",5.8,0.00264207942166902
"N",2022,"B3","B","Bareroot","3","Acesai","Acer","saccharinum",9.2,0.006647610054996
"N",2022,"B3","B","Bareroot","3","Acesai","Acer","saccharinum",30.8,0.0745060113725355
"N",2022,"B3","B","Bareroot","3","Acesai","Acer","saccharinum",9.6,0.00723822947387088
"N",2022,"B3","B","Bareroot","3","Acesai","Acer","saccharinum",34.6,0.0940247265292889
"N",2022,"B3","B","Bareroot","3","Acesai","Acer","saccharinum",27.8,0.0606987116600084
"N",2022,"B3","B","Bareroot","3","Acesai","Acer","saccharinum",21.3,0.0356327292751788
"N",2022,"B3","B","Bareroot","3","Acesai","Acer","saccharinum",8.1,0.00515299735005066
"N",2022,"B3","B","Bareroot","3","Acesai","Acer","saccharinum",18.5,0.0268802521422777
"N",2022,"B3","B","Bareroot","3","Acesai","Acer","saccharinum",35.4,0.0984229562443146
"N",2022,"B3","B","Bareroot","3","Acesai","Acer","saccharinum",29.7,0.0692791865951255
"N",2022,"B3","B","Bareroot","3","Acesai","Acer","saccharinum",24.3,0.0463769761504559
"N",2022,"B3","B","Bareroot","3","Acesai","Acer","saccharinum",24.7,0.0479163565507149
"N",2022,"B3","B","Bareroot","3","Acesai","Acer","saccharinum",12.7,0.0126676869774374
"N",2022,"B3","B","Bareroot","3","Acesai","Acer","saccharinum",26.8,0.0564104376878583
"N",2022,"B3","B","Bareroot","3","Acesai","Acer","saccharinum",23.9,0.0448627284914256
"N",2022,"B3","B","Bareroot","3","Fraxpen","Fraxinus","pennsylvanica",14.4,0.0162860163162095
"N",2022,"B3","B","Bareroot","3","Quebic","Quercus","bicolor",13,0.0132732289614169
"N",2022,"B3","B","Bareroot","3","Acesai","Acer","saccharinum",25,0.0490873852123405
"N",2022,"B3","B","Bareroot","3","Acesai","Acer","saccharinum",11,0.00950331777710912
"N",2022,"B3","B","Bareroot","3","Acesai","Acer","saccharinum",27.3,0.0585349397198484
"N",2022,"B3","B","Bareroot","3","Acesai","Acer","saccharinum",38.3,0.115209271190608
"N",2022,"B3","B","Bareroot","3","Acesai","Acer","saccharinum",27.7,0.0602628156793228
"N",2022,"B3","B","Bareroot","3","Acesai","Acer","saccharinum",10.2,0.00817128249198705
"N",2022,"B3","B","Bareroot","3","Acesai","Acer","saccharinum",10.9,0.00933131557932508
"N",2022,"B3","B","Bareroot","3","Acesai","Acer","saccharinum",8.1,0.00515299735005066
"N",2022,"B3","B","Bareroot","3","Acesai","Acer","saccharinum",36.2,0.102921716924255
"N",2022,"B3","B","Bareroot","3","Acesai","Acer","saccharinum",40.1,0.126292810072473
"N",2022,"B3","B","Bareroot","3","Quebic","Quercus","bicolor",15.5,0.0188691908756237
"N",2022,"C1","C","Seedling","1","Fraxpen","Fraxinus","pennsylvanica",17,0.0226980069221863
"N",2022,"C1","C","Seedling","1","Carill","Carya","illinoiensis",7.1,0.00395919214168654
"N",2022,"C1","C","Seedling","1","Carill","Carya","illinoiensis",16.3,0.0208672438033068
"N",2022,"C1","C","Seedling","1","Carill","Carya","illinoiensis",7.3,0.004185386812745
"N",2022,"C1","C","Seedling","1","Popdel","Populus","deltoides",89,0.622113885227119
"N",2022,"C1","C","Seedling","1","Carill","Carya","illinoiensis",14.8,0.0172033613710577
"N",2022,"C1","C","Seedling","1","Carill","Carya","illinoiensis",13.5,0.0143138815279185
"N",2022,"C1","C","Seedling","1","Quebic","Quercus","bicolor",15.1,0.0179078635236252
"N",2022,"C1","C","Seedling","1","Quebic","Quercus","bicolor",16.5,0.0213824649984955
"N",2022,"C1","C","Seedling","1","Carill","Carya","illinoiensis",8.4,0.0055417694409324
"N",2022,"C1","C","Seedling","1","Carill","Carya","illinoiensis",17.1,0.0229658276959048
"N",2022,"C1","C","Seedling","1","Moralb","Morus","alba",7.2,0.00407150407905237
"N",2022,"C1","C","Seedling","1","Carill","Carya","illinoiensis",22.3,0.0390570652675917
"N",2022,"C1","C","Seedling","1","Carill","Carya","illinoiensis",13.4,0.0141026094219646
"N",2022,"C1","C","Seedling","1","Carill","Carya","illinoiensis",26.7,0.0559902496704407
"N",2022,"C1","C","Seedling","1","Carill","Carya","illinoiensis",29.4,0.0678866756514218
"N",2022,"C2","C","Seedling","2","Acesai","Acer","saccharinum",53.8,0.227328786006411
"N",2022,"C2","C","Seedling","2","Acesai","Acer","saccharinum",22.3,0.0390570652675917
"N",2022,"C2","C","Seedling","2","Acesai","Acer","saccharinum",26,0.0530929158456675
"N",2022,"C2","C","Seedling","2","Acesai","Acer","saccharinum",26,0.0530929158456675
"N",2022,"C2","C","Seedling","2","Acesai","Acer","saccharinum",63.1,0.312714918136491
"N",2022,"C2","C","Seedling","2","Acesai","Acer","saccharinum",25.5,0.0510705155749191
"N",2022,"C2","C","Seedling","2","Acesai","Acer","saccharinum",14.1,0.0156145008865047
"N",2022,"C2","C","Seedling","2","Acesai","Acer","saccharinum",42.5,0.141862543263664
"N",2022,"C2","C","Seedling","2","Acesai","Acer","saccharinum",31.4,0.0774371173183348
"N",2022,"C2","C","Seedling","2","Acesai","Acer","saccharinum",57.8,0.262388960020473
"N",2022,"C2","C","Seedling","2","Acesai","Acer","saccharinum",29.3,0.0674256469295075
"N",2022,"C2","C","Seedling","2","Acesai","Acer","saccharinum",31.3,0.0769446726698846
"N",2022,"C2","C","Seedling","2","Fraxpen","Fraxinus","pennsylvanica",10.1,0.00801184666481737
"N",2022,"C2","C","Seedling","2","Acesai","Acer","saccharinum",18.3,0.0263021990940171
"N",2022,"C2","C","Seedling","2","Acesai","Acer","saccharinum",20.6,0.0333291564619341
"N",2022,"C2","C","Seedling","2","Acesai","Acer","saccharinum",18.5,0.0268802521422777
"N",2022,"C2","C","Seedling","2","Acesai","Acer","saccharinum",28.3,0.0629017535083383
"N",2022,"C2","C","Seedling","2","Acesai","Acer","saccharinum",26.7,0.0559902496704407
"N",2022,"C2","C","Seedling","2","Acesai","Acer","saccharinum",22,0.0380132711084365
"N",2022,"C2","C","Seedling","2","Acesai","Acer","saccharinum",21.2,0.0352989350557349
"N",2022,"C2","C","Seedling","2","Acesai","Acer","saccharinum",37.4,0.109858353503381
"N",2022,"C2","C","Seedling","2","Acesai","Acer","saccharinum",42.1,0.139204755878727
"N",2022,"C2","C","Seedling","2","Acesai","Acer","saccharinum",35,0.0962112750161874
"N",2022,"C2","C","Seedling","2","Acesai","Acer","saccharinum",15.8,0.0196066797510539
"N",2022,"C2","C","Seedling","2","Acesai","Acer","saccharinum",39.6,0.123162998391334
"N",2022,"C2","C","Seedling","2","Acesai","Acer","saccharinum",30.2,0.0716314540945009
"N",2022,"C2","C","Seedling","2","Acesai","Acer","saccharinum",21,0.0346360590058275
"N",2022,"C2","C","Seedling","2","Acesai","Acer","saccharinum",15.8,0.0196066797510539
"N",2022,"C2","C","Seedling","2","Acesai","Acer","saccharinum",25.1,0.0494808696922026
"N",2022,"C2","C","Seedling","2","Acesai","Acer","saccharinum",8.6,0.00580880481648753
"N",2022,"C3","C","Seedling","3","Acesai","Acer","saccharinum",31.4,0.0774371173183348
"N",2022,"C3","C","Seedling","3","Acesai","Acer","saccharinum",46.9,0.172756965419066
"N",2022,"C3","C","Seedling","3","Acesai","Acer","saccharinum",20.6,0.0333291564619341
"N",2022,"C3","C","Seedling","3","Acesai","Acer","saccharinum",30.3,0.0721066199833563
"N",2022,"C3","C","Seedling","3","Carill","Carya","illinoiensis",13.5,0.0143138815279185
"N",2022,"C3","C","Seedling","3","Acesai","Acer","saccharinum",68.5,0.368528453220168
"N",2022,"C3","C","Seedling","3","Carill","Carya","illinoiensis",17.9,0.0251649425534176
"N",2022,"C3","C","Seedling","3","Acesai","Acer","saccharinum",47.5,0.177205460616549
"N",2022,"C3","C","Seedling","3","Acesai","Acer","saccharinum",16.5,0.0213824649984955
"N",2022,"C3","C","Seedling","3","Acesai","Acer","saccharinum",47.7,0.178700858719658
"N",2022,"C3","C","Seedling","3","Acesai","Acer","saccharinum",15.5,0.0188691908756237
"N",2022,"C3","C","Seedling","3","Acesai","Acer","saccharinum",33.5,0.0881413088872787
"N",2022,"C3","C","Seedling","3","Acesai","Acer","saccharinum",7.2,0.00407150407905237
"N",2022,"C3","C","Seedling","3","Acesai","Acer","saccharinum",33.7,0.0891968840188848
"N",2022,"C3","C","Seedling","3","Acesai","Acer","saccharinum",14.9,0.0174366246255867
"N",2022,"C3","C","Seedling","3","Acesai","Acer","saccharinum",40.5,0.128824933751266
"N",2022,"C3","C","Seedling","3","Acesai","Acer","saccharinum",13,0.0132732289614169
"N",2022,"C3","C","Seedling","3","Carill","Carya","illinoiensis",18.9,0.0280552077947202
"N",2022,"C3","C","Seedling","3","Acesai","Acer","saccharinum",86.9,0.593102062469381
"N",2022,"C3","C","Seedling","3","Carill","Carya","illinoiensis",26.3,0.0543252055640381
"N",2022,"C3","C","Seedling","3","Carill","Carya","illinoiensis",12.6,0.0124689812420979
"N",2022,"C3","C","Seedling","3","Acesai","Acer","saccharinum",11.9,0.0111220233918713
"N",2022,"C3","C","Seedling","3","Carill","Carya","illinoiensis",20.1,0.0317308711994203
"N",2022,"C3","C","Seedling","3","Carill","Carya","illinoiensis",26.3,0.0543252055640381
"N",2022,"C3","C","Seedling","3","Acesai","Acer","saccharinum",27,0.057255526111674
"N",2022,"C3","C","Seedling","3","Acesai","Acer","saccharinum",34.4,0.0929408770638004
"N",2022,"C3","C","Seedling","3","Acesai","Acer","saccharinum",28.8,0.065144065264838
"N",2022,"C3","C","Seedling","3","Acesai","Acer","saccharinum",59.1,0.274324655909624
"N",2022,"C3","C","Seedling","3","Carill","Carya","illinoiensis",33.3,0.0870920169409796
"N",2022,"C3","C","Seedling","3","Carill","Carya","illinoiensis",16.7,0.0219039693789914
"N",2022,"C3","C","Seedling","3","Carill","Carya","illinoiensis",33.3,0.0870920169409796
"N",2022,"D1","D","Acorn","1","Quepal","Quercus","palustris",22.7,0.0404707819617071
"N",2022,"D1","D","Acorn","1","Quepal","Quercus","palustris",17.3,0.0235061816323222
"N",2022,"D1","D","Acorn","1","Quebic","Quercus","bicolor",26.4,0.0547391103961486
"N",2022,"D1","D","Acorn","1","Quepal","Quercus","palustris",15.4,0.0186265028431339
"N",2022,"D1","D","Acorn","1","Quepal","Quercus","palustris",29,0.0660519855417254
"N",2022,"D1","D","Acorn","1","Salint","Salix","interior",9,0.00636172512351933
"N",2022,"D1","D","Acorn","1","Salint","Salix","interior",8.1,0.00515299735005066
"N",2022,"D1","D","Acorn","1","Salint","Salix","interior",9.8,0.00754296396126909
"N",2022,"D2","D","Acorn","2","Quepal","Quercus","palustris",26.5,0.0551545860245858
"N",2022,"D2","D","Acorn","2","Quepal","Quercus","palustris",25.7,0.0518747632942381
"N",2022,"D2","D","Acorn","2","Quepal","Quercus","palustris",28.6,0.0642424281732577
"N",2022,"D2","D","Acorn","2","Quepal","Quercus","palustris",21.3,0.0356327292751788
"N",2022,"D2","D","Acorn","2","Quepal","Quercus","palustris",20.5,0.0330063578167778
"N",2022,"D2","D","Acorn","2","Quepal","Quercus","palustris",20,0.0314159265358979
"N",2022,"D2","D","Acorn","2","Quepal","Quercus","palustris",21.2,0.0352989350557349
"N",2022,"D2","D","Acorn","2","Quepal","Quercus","palustris",17.2,0.0232352192659501
"N",2022,"D2","D","Acorn","2","Acesai","Acer","saccharinum",71.2,0.398152886545356
"N",2022,"D2","D","Acorn","2","Salnig","Salix","nigra",51.4,0.207499053176952
"N",2022,"D2","D","Acorn","2","Moralb","Morus","alba",14.2,0.0158367685667461
"N",2022,"D2","D","Acorn","2","Quepal","Quercus","palustris",20.9,0.0343069771753639
"N",2022,"D2","D","Acorn","2","Quepal","Quercus","palustris",23.3,0.0426384808926841
"N",2022,"D2","D","Acorn","2","Quepal","Quercus","palustris",19.6,0.0301718558450764
"N",2022,"D3","D","Acorn","3","Quepal","Quercus","palustris",29.8,0.069746498502347
"N",2022,"D3","D","Acorn","3","Quepal","Quercus","palustris",23.9,0.0448627284914256
"N",2022,"D3","D","Acorn","3","Salnig","Salix","nigra",13.5,0.0143138815279185
"N",2022,"D3","D","Acorn","3","Salnig","Salix","nigra",45.1,0.159750771833204
"N",2022,"D3","D","Acorn","3","Salnig","Salix","nigra",20.3,0.0323654729154454
"N",2022,"D3","D","Acorn","3","Salnig","Salix","nigra",19.9,0.0311025526687023
"N",2022,"D3","D","Acorn","3","Quepal","Quercus","palustris",26.3,0.0543252055640381
"N",2022,"D3","D","Acorn","3","Salnig","Salix","nigra",15.6,0.0191134497044403
"N",2022,"D3","D","Acorn","3","Salnig","Salix","nigra",14.2,0.0158367685667461
"N",2022,"D3","D","Acorn","3","Salnig","Salix","nigra",18.9,0.0280552077947202
"N",2022,"D3","D","Acorn","3","Salnig","Salix","nigra",16.3,0.0208672438033068
"N",2022,"D3","D","Acorn","3","Salnig","Salix","nigra",19.6,0.0301718558450764
"N",2022,"D3","D","Acorn","3","Salnig","Salix","nigra",14.3,0.0160606070433144
"N",2022,"D3","D","Acorn","3","Salnig","Salix","nigra",11.5,0.0103868907109313
"N",2022,"D3","D","Acorn","3","Salnig","Salix","nigra",12.9,0.0130698108370969
"N",2022,"D3","D","Acorn","3","Salnig","Salix","nigra",12,0.0113097335529233
"N",2022,"E1","E","Seedbank","1","Salnig","Salix","nigra",38,0.113411494794592
"N",2022,"E1","E","Seedbank","1","Salnig","Salix","nigra",27.9,0.0611361784370208
"N",2022,"E1","E","Seedbank","1","Salnig","Salix","nigra",40,0.125663706143592
"N",2022,"E1","E","Seedbank","1","Salnig","Salix","nigra",27.3,0.0585349397198484
"N",2022,"E2","E","Seedbank","2","Fraxpen","Fraxinus","pennsylvanica",21.3,0.0356327292751788
"N",2022,"E2","E","Seedbank","2","Fraxpen","Fraxinus","pennsylvanica",17.3,0.0235061816323222
"N",2022,"E2","E","Seedbank","2","Fraxpen","Fraxinus","pennsylvanica",47.5,0.177205460616549
"N",2022,"E3","E","Seedbank","3","Acesai","Acer","saccharinum",10,0.00785398163397448
"N",2022,"E3","E","Seedbank","3","Acesai","Acer","saccharinum",7,0.0038484510006475
"N",2022,"E3","E","Seedbank","3","Acesai","Acer","saccharinum",38.7,0.117628297533872
"N",2022,"E3","E","Seedbank","3","Acesai","Acer","saccharinum",36.2,0.102921716924255
"N",2022,"E3","E","Seedbank","3","Acesai","Acer","saccharinum",40.2,0.126923484797681
"N",2022,"E3","E","Seedbank","3","Salnig","Salix","nigra",20.5,0.0330063578167778
"N",2022,"E3","E","Seedbank","3","Salnig","Salix","nigra",21.9,0.037668481314705
"N",2022,"R1","R","Reference","1","Ulmame","Ulmus","americana",17.5,0.0240528187540468
"N",2022,"R1","R","Reference","1","Celocc","Celtis","occidentalis",28.7,0.0646924613208844
"N",2022,"R1","R","Reference","1","Ulmame","Ulmus","americana",25.6,0.0514718540364152
"N",2022,"R1","R","Reference","1","Celocc","Celtis","occidentalis",19.1,0.0286521103989023
"N",2022,"R1","R","Reference","1","Acesai","Acer","saccharinum",37,0.107521008569111
"N",2022,"R1","R","Reference","1","Acesai","Acer","saccharinum",43.9,0.15136271944812
"N",2022,"R1","R","Reference","1","Acesai","Acer","saccharinum",58.4,0.26786475601568
"N",2022,"R1","R","Reference","1","Acesai","Acer","saccharinum",61.2,0.294166169711534
"N",2022,"R1","R","Reference","1","Acesai","Acer","saccharinum",23.9,0.0448627284914256
"N",2022,"R1","R","Reference","1","Acesai","Acer","saccharinum",44.8,0.157632552986521
"N",2022,"R1","R","Reference","1","Ulmame","Ulmus","americana",24,0.045238934211693
"N",2022,"R1","R","Reference","1","Acesai","Acer","saccharinum",45.4,0.161883127846828
"N",2022,"R1","R","Reference","1","Acesai","Acer","saccharinum",63.6,0.317690415501614
"N",2022,"R1","R","Reference","1","Acesai","Acer","saccharinum",26.3,0.0543252055640381
"N",2022,"R1","R","Reference","1","Acesai","Acer","saccharinum",18.9,0.0280552077947202
"N",2022,"R1","R","Reference","1","Acesai","Acer","saccharinum",36.8,0.106361760879936
"N",2022,"R1","R","Reference","1","Ulmame","Ulmus","americana",12.3,0.01188228881404
"N",2022,"R1","R","Reference","1","Acesai","Acer","saccharinum",58.2,0.266033207498637
"N",2022,"R1","R","Reference","1","Ulmame","Ulmus","americana",14.5,0.0165129963854313
"N",2022,"R1","R","Reference","1","Acesai","Acer","saccharinum",40.1,0.126292810072473
"N",2022,"R1","R","Reference","1","Celocc","Celtis","occidentalis",19.2,0.0289529178954835
"N",2022,"R2","R","Reference","2","Celocc","Celtis","occidentalis",18.1,0.0257304292310638
"N",2022,"R2","R","Reference","2","Celocc","Celtis","occidentalis",13.1,0.0134782178820636
"N",2022,"R2","R","Reference","2","Celocc","Celtis","occidentalis",29.5,0.0683492751696629
"N",2022,"R2","R","Reference","2","Celocc","Celtis","occidentalis",35.8,0.100659770213671
"N",2022,"R2","R","Reference","2","Acesai","Acer","saccharinum",48.6,0.185507904601824
"N",2022,"R2","R","Reference","2","Acesai","Acer","saccharinum",54.8,0.235858210060907
"N",2022,"R2","R","Reference","2","Ulmame","Ulmus","americana",18.5,0.0268802521422777
"N",2022,"R2","R","Reference","2","Gletria","Gleditsia","triacanthos",32,0.0804247719318987
"N",2022,"R2","R","Reference","2","Ulmame","Ulmus","americana",19.6,0.0301718558450764
"N",2022,"R2","R","Reference","2","Ulmame","Ulmus","americana",18.1,0.0257304292310638
"N",2022,"R3","R","Reference","3","Acesai","Acer","saccharinum",46.4,0.169093082986817
"N",2022,"R3","R","Reference","3","Acesai","Acer","saccharinum",30.1,0.0711578590019722
"N",2022,"R3","R","Reference","3","Acesai","Acer","saccharinum",39.9,0.125036173011037
"N",2022,"R3","R","Reference","3","Acesai","Acer","saccharinum",24.2,0.0459960580412082
"N",2022,"R3","R","Reference","3","Acesai","Acer","saccharinum",23.8,0.0444880935674851
"N",2022,"R3","R","Reference","3","Acesai","Acer","saccharinum",47.8,0.179450913965703
"Y",2023,"A1","A","Balled-and-burlapped","1","Plaocc","Platanus","occidentalis",38.1,0.114009182796937
"Y",2023,"A1","A","Balled-and-burlapped","1","Plaocc","Platanus","occidentalis",9.5,0.00708821842466197
"Y",2023,"A1","A","Balled-and-burlapped","1","Acesai","Acer","saccharinum",54,0.229022104446696
"Y",2023,"A1","A","Balled-and-burlapped","1","Acesai","Acer","saccharinum",12.6,0.0124689812420979
"Y",2023,"A1","A","Balled-and-burlapped","1","Acesai","Acer","saccharinum",36.6,0.105208796376069
"Y",2023,"A1","A","Balled-and-burlapped","1","Quebic","Quercus","bicolor",23.1,0.0419096313970512
"Y",2023,"A1","A","Balled-and-burlapped","1","Acesai","Acer","saccharinum",95.5,0.716302759972558
"Y",2023,"B1","B","Bareroot","1","Moralb","Morus","alba",3.5,0.000962112750161874
"Y",2023,"B1","B","Bareroot","1","Quebic","Quercus","bicolor",17.1,0.0229658276959048
"Y",2023,"B1","B","Bareroot","1","Quebic","Quercus","bicolor",23.9,0.0448627284914256
"Y",2023,"B1","B","Bareroot","1","Quebic","Quercus","bicolor",17.1,0.0229658276959048
"Y",2023,"B1","B","Bareroot","1","Quebic","Quercus","bicolor",20.2,0.0320473866592695
"Y",2023,"B1","B","Bareroot","1","Quebic","Quercus","bicolor",12,0.0113097335529233
"Y",2023,"A3","A","Balled-and-burlapped","3","Quebic","Quercus","bicolor",34.5,0.0934820163983813
"Y",2023,"A3","A","Balled-and-burlapped","3","Quebic","Quercus","bicolor",20.7,0.0336535259034173
"Y",2023,"A3","A","Balled-and-burlapped","3","Acesai","Acer","saccharinum",94.4,0.699896577737349
"Y",2023,"A3","A","Balled-and-burlapped","3","Quebic","Quercus","bicolor",24.2,0.0459960580412082
"Y",2023,"A3","A","Balled-and-burlapped","3","Acesai","Acer","saccharinum",108,0.916088417786784
"Y",2023,"A3","A","Balled-and-burlapped","3","Acesai","Acer","saccharinum",52.7,0.21812784652221
"Y",2023,"A3","A","Balled-and-burlapped","3","Acesai","Acer","saccharinum",57.8,0.262388960020473
"Y",2023,"A3","A","Balled-and-burlapped","3","Acesai","Acer","saccharinum",34.5,0.0934820163983813
"Y",2023,"C2","C","Seedling","2","Acesai","Acer","saccharinum",44.4,0.154830252339519
"Y",2023,"C2","C","Seedling","2","Fraxpen","Fraxinus","pennsylvanica",9.9,0.00769768739945839
"Y",2023,"C2","C","Seedling","2","Fraxpen","Fraxinus","pennsylvanica",7.3,0.004185386812745
"Y",2023,"C2","C","Seedling","2","Acesai","Acer","saccharinum",14.9,0.0174366246255867
"Y",2023,"C2","C","Seedling","2","Acesai","Acer","saccharinum",22.5,0.0397607820219958
"Y",2023,"C2","C","Seedling","2","Acesai","Acer","saccharinum",12.3,0.01188228881404
"Y",2023,"C2","C","Seedling","2","Acesai","Acer","saccharinum",30.1,0.0711578590019722
"Y",2023,"C2","C","Seedling","2","Acesai","Acer","saccharinum",40.7,0.130100420368624
"Y",2023,"C2","C","Seedling","2","Acesai","Acer","saccharinum",33.3,0.0870920169409796
"Y",2023,"C2","C","Seedling","2","Acesai","Acer","saccharinum",35.1,0.096761839128729
"Y",2023,"C2","C","Seedling","2","Acesai","Acer","saccharinum",42.6,0.142530917100715
"Y",2023,"C2","C","Seedling","2","Acesai","Acer","saccharinum",36.7,0.105784493229839
"Y",2023,"C2","C","Seedling","2","Acesai","Acer","saccharinum",16,0.0201061929829747
"Y",2023,"C2","C","Seedling","2","Acesai","Acer","saccharinum",21.3,0.0356327292751788
"Y",2023,"C2","C","Seedling","2","Acesai","Acer","saccharinum",38.8,0.118236981110505
"Y",2023,"C2","C","Seedling","2","Acesai","Acer","saccharinum",22.5,0.0397607820219958
"Y",2023,"C2","C","Seedling","2","Acesai","Acer","saccharinum",27.1,0.057680426518072
"Y",2023,"C2","C","Seedling","2","Acesai","Acer","saccharinum",29.6,0.0688134454842309
"Y",2023,"C2","C","Seedling","2","Acesai","Acer","saccharinum",18.5,0.0268802521422777
"Y",2023,"C2","C","Seedling","2","Acesai","Acer","saccharinum",19.7,0.0304805173232916
"Y",2023,"C2","C","Seedling","2","Acesai","Acer","saccharinum",18.7,0.0274645883758454
"Y",2023,"C2","C","Seedling","2","Acesai","Acer","saccharinum",23.6,0.0437435361085843
"Y",2023,"C2","C","Seedling","2","Acesai","Acer","saccharinum",20.9,0.0343069771753639
"Y",2023,"C2","C","Seedling","2","Acesai","Acer","saccharinum",54.6,0.234139758879394
"Y",2023,"C2","C","Seedling","2","Acesai","Acer","saccharinum",31.2,0.0764537988177612
"Y",2023,"C2","C","Seedling","2","Acesai","Acer","saccharinum",43.1,0.145896348230873
"Y",2023,"C2","C","Seedling","2","Acesai","Acer","saccharinum",14.7,0.0169716689128555
"Y",2023,"C2","C","Seedling","2","Acesai","Acer","saccharinum",25.9,0.0526852941988642
"Y",2023,"C2","C","Seedling","2","Acesai","Acer","saccharinum",50.4,0.199503699873566
"Y",2023,"C2","C","Seedling","2","Acesai","Acer","saccharinum",28,0.06157521601036
"Y",2023,"C2","C","Seedling","2","Acesai","Acer","saccharinum",26.6,0.0555716324493499
"Y",2023,"C2","C","Seedling","2","Acesai","Acer","saccharinum",27.3,0.0585349397198484
"Y",2023,"C2","C","Seedling","2","Acesai","Acer","saccharinum",23.4,0.0430052618349907
"Y",2023,"C2","C","Seedling","2","Acesai","Acer","saccharinum",51.3,0.206692449263143
"Y",2023,"C2","C","Seedling","2","Acesai","Acer","saccharinum",53,0.220618344098343
"Y",2023,"C2","C","Seedling","2","Acesai","Acer","saccharinum",28.2,0.0624580035460187
"Y",2023,"C2","C","Seedling","2","Acesai","Acer","saccharinum",30.1,0.0711578590019722
"Y",2023,"C2","C","Seedling","2","Acesai","Acer","saccharinum",35.3,0.0978676797427926
"Y",2023,"C2","C","Seedling","2","Acesai","Acer","saccharinum",48.5,0.184745282985165
"Y",2023,"C2","C","Seedling","2","Acesai","Acer","saccharinum",21.5,0.036305030103047
